"ie","06/27/2018 10:45:22",412
"chrome","06/27/2018 10:48:38",781
"ie","06/27/2018 10:56:42",4826
"chrome","06/27/2018 10:58:41",712
"chrome","06/27/2018 11:06:27",694
"ie","06/27/2018 11:07:33",5215
"chrome","06/27/2018 11:15:48",795
"ie","06/27/2018 11:16:52",5110
"ie","06/27/2018 11:25:08",4844
"chrome","06/27/2018 11:27:10",609
"ie","06/27/2018 11:34:53",4949
"chrome","06/27/2018 11:36:49",600
"chrome","06/27/2018 11:44:33",680
"ie","06/27/2018 11:45:37",4477
"ie","06/27/2018 11:54:05",4692
"chrome","06/27/2018 11:55:47",651
"chrome","06/27/2018 12:03:34",741
"ie","06/27/2018 12:04:46",5109
"chrome","06/27/2018 12:13:02",725
"ie","06/27/2018 12:14:12",5367
"ie","06/27/2018 12:22:24",4950
"chrome","06/27/2018 12:24:04",790
"chrome","06/27/2018 12:31:54",667
"ie","06/27/2018 12:33:01",5939
"chrome","06/27/2018 12:41:18",598
"ie","06/27/2018 12:42:29",6037
"ie","06/27/2018 12:50:44",4919
"chrome","06/27/2018 12:52:45",681
"chrome","06/27/2018 13:00:31",699
"ie","06/27/2018 13:01:35",4573
"ie","06/27/2018 13:09:51",5443
"chrome","06/27/2018 13:11:35",767
"chrome","06/27/2018 13:19:23",656
"ie","06/27/2018 13:20:28",5529
"ie","06/27/2018 13:28:42",5186
"chrome","06/27/2018 13:30:54",712
"chrome","06/27/2018 13:38:39",758
"ie","06/27/2018 13:39:46",5187
"chrome","06/27/2018 13:48:01",821
"ie","06/27/2018 13:49:14",5016
"chrome","06/27/2018 13:57:41",737
"ie","06/27/2018 13:58:50",4528
"ie","06/27/2018 14:07:03",5171
"chrome","06/27/2018 14:08:59",744
"chrome","06/27/2018 14:16:45",690
"ie","06/27/2018 14:17:47",5301
"chrome","06/27/2018 14:26:04",811
"ie","06/27/2018 14:27:18",5047
"ie","06/27/2018 14:35:31",6203
"chrome","06/27/2018 14:37:15",668
"ie","06/27/2018 14:44:54",5084
"chrome","06/27/2018 14:46:49",585
"ie","06/27/2018 14:54:33",5229
"chrome","06/27/2018 14:56:19",745
"ie","06/27/2018 15:04:03",4578
"chrome","06/27/2018 15:05:40",647
"chrome","06/27/2018 15:13:26",702
"ie","06/27/2018 15:14:36",4668
"ie","06/27/2018 15:22:47",5079
"chrome","06/27/2018 15:24:54",738
"chrome","06/27/2018 15:32:39",702
"ie","06/27/2018 15:33:53",5735
"ie","06/27/2018 15:42:05",5191
"chrome","06/27/2018 15:43:46",591
"ie","06/27/2018 15:51:30",6137
"chrome","06/27/2018 15:53:12",704
"ie","06/27/2018 16:01:03",4963
"chrome","06/27/2018 16:02:58",677
"ie","06/27/2018 16:10:45",4640
"chrome","06/27/2018 16:12:26",743
"chrome","06/27/2018 16:20:13",747
"ie","06/27/2018 16:21:23",4750
"chrome","06/27/2018 16:29:37",659
"ie","06/27/2018 16:30:46",5129
"chrome","06/27/2018 16:39:03",679
"ie","06/27/2018 16:40:29",6024
"chrome","06/27/2018 16:48:45",716
"ie","06/27/2018 16:49:56",5191
"chrome","06/27/2018 16:58:20",757
"ie","06/27/2018 16:59:27",5464
"chrome","06/27/2018 17:07:49",616
"ie","06/27/2018 17:08:58",5568
"chrome","06/27/2018 17:17:30",1022
"ie","06/27/2018 17:18:39",4452
"chrome","06/27/2018 17:26:51",625
"ie","06/27/2018 17:28:02",5437
"chrome","06/27/2018 17:36:17",586
"ie","06/27/2018 17:37:22",5088
"ie","06/27/2018 17:45:36",4942
"chrome","06/27/2018 17:47:35",727
"chrome","06/27/2018 17:55:20",2017
"ie","06/27/2018 17:56:29",5777
"chrome","06/27/2018 18:04:45",610
"ie","06/27/2018 18:05:51",5065
"ie","06/27/2018 18:14:08",4931
"chrome","06/27/2018 18:15:51",762
"ie","06/27/2018 18:23:36",4514
"chrome","06/27/2018 18:25:34",715
"ie","06/27/2018 18:33:11",4431
"chrome","06/27/2018 18:34:53",611
"chrome","06/27/2018 18:42:40",588
"ie","06/27/2018 18:43:49",5109
"ie","06/27/2018 18:52:03",5130
"chrome","06/27/2018 18:54:14",601
"chrome","06/27/2018 19:02:04",656
"ie","06/27/2018 19:03:29",5726
"ie","06/27/2018 19:11:44",6369
"chrome","06/27/2018 19:13:27",774
"ie","06/27/2018 19:21:11",6777
"chrome","06/27/2018 19:22:53",601
"ie","06/27/2018 19:30:54",4337
"chrome","06/27/2018 19:32:40",846
"ie","06/27/2018 19:40:36",4821
"chrome","06/27/2018 19:42:18",774
"ie","06/27/2018 19:49:56",5429
"chrome","06/27/2018 19:51:36",879
"chrome","06/27/2018 19:59:21",806
"ie","06/27/2018 20:00:46",5326
"chrome","06/27/2018 20:09:03",769
"ie","06/27/2018 20:10:28",5768
"chrome","06/27/2018 20:18:45",611
"ie","06/27/2018 20:19:50",5192
"chrome","06/27/2018 20:28:03",700
"ie","06/27/2018 20:29:11",5472
"chrome","06/27/2018 20:37:22",689
"ie","06/27/2018 20:38:54",4579
"chrome","06/27/2018 20:47:22",634
"ie","06/27/2018 20:48:32",5064
"ie","06/27/2018 20:56:44",5235
"chrome","06/27/2018 20:58:36",600
"chrome","06/27/2018 21:06:23",606
"ie","06/27/2018 21:07:28",5924
"ie","06/27/2018 21:15:44",5019
"chrome","06/27/2018 21:17:54",584
"ie","06/27/2018 21:25:37",4886
"chrome","06/27/2018 21:27:17",605
"ie","06/27/2018 21:35:07",4790
"chrome","06/27/2018 21:36:50",609
"ie","06/27/2018 21:44:28",5020
"chrome","06/27/2018 21:46:12",595
"ie","06/27/2018 21:54:21",4884
"chrome","06/27/2018 21:56:18",690
"ie","06/27/2018 22:04:01",5713
"chrome","06/27/2018 22:05:42",742
"ie","06/27/2018 22:13:26",5156
"chrome","06/27/2018 22:15:07",952
"ie","06/27/2018 22:22:55",4757
"chrome","06/27/2018 22:25:00",755
"ie","06/27/2018 22:32:44",5008
"chrome","06/27/2018 22:34:41",660
"chrome","06/27/2018 22:42:28",721
"ie","06/27/2018 22:43:38",4959
"chrome","06/27/2018 22:51:54",655
"ie","06/27/2018 22:53:06",4664
"chrome","06/27/2018 23:01:20",676
"ie","06/27/2018 23:02:57",5234
"chrome","06/27/2018 23:11:11",641
"ie","06/27/2018 23:12:37",5016
"ie","06/27/2018 23:20:52",4968
"chrome","06/27/2018 23:22:34",742
"ie","06/27/2018 23:30:19",5515
"chrome","06/27/2018 23:32:11",655
"ie","06/27/2018 23:40:24",5130
"chrome","06/27/2018 23:42:06",665
"chrome","06/27/2018 23:50:09",891
"ie","06/27/2018 23:51:20",5119
"ie","06/27/2018 23:59:34",4380
"chrome","06/28/2018 00:01:34",748
"ie","06/28/2018 00:09:29",5535
"chrome","06/28/2018 00:11:47",750
"ie","06/28/2018 00:19:31",5761
"chrome","06/28/2018 00:21:17",631
"ie","06/28/2018 00:29:01",5648
"chrome","06/28/2018 00:30:44",625
"ie","06/28/2018 00:38:25",4999
"chrome","06/28/2018 00:40:08",592
"chrome","06/28/2018 00:48:28",792
"ie","06/28/2018 00:49:38",4815
"chrome","06/28/2018 00:57:55",604
"ie","06/28/2018 00:59:05",4906
"ie","06/28/2018 01:07:18",4726
"chrome","06/28/2018 01:09:29",776
"chrome","06/28/2018 01:17:17",686
"ie","06/28/2018 01:18:53",4882
"ie","06/28/2018 01:27:07",5095
"chrome","06/28/2018 01:28:51",613
"chrome","06/28/2018 01:36:37",890
"ie","06/28/2018 01:37:48",5131
"chrome","06/28/2018 01:46:36",704
"ie","06/28/2018 01:47:47",5179
"ie","06/28/2018 01:56:26",5289
"chrome","06/28/2018 01:58:08",804
"chrome","06/28/2018 02:05:56",711
"ie","06/28/2018 02:07:06",5151
"ie","06/28/2018 02:15:30",5574
"chrome","06/28/2018 02:17:31",665
"ie","06/28/2018 02:25:16",5137
"chrome","06/28/2018 02:27:19",913
"ie","06/28/2018 02:35:04",4882
"chrome","06/28/2018 02:36:47",912
"ie","06/28/2018 02:44:32",5417
"chrome","06/28/2018 02:46:15",787
"chrome","06/28/2018 02:53:56",704
"ie","06/28/2018 02:55:06",4895
"chrome","06/28/2018 03:03:21",780
"ie","06/28/2018 03:04:55",4959
"ie","06/28/2018 03:13:08",4824
"chrome","06/28/2018 03:14:52",608
"ie","06/28/2018 03:22:32",4868
"chrome","06/28/2018 03:24:31",728
"chrome","06/28/2018 03:32:16",609
"ie","06/28/2018 03:33:25",4671
"ie","06/28/2018 03:41:46",4905
"chrome","06/28/2018 03:43:53",783
"ie","06/28/2018 03:51:41",4999
"chrome","06/28/2018 03:53:25",614
"chrome","06/28/2018 04:01:09",878
"ie","06/28/2018 04:02:21",5136
"chrome","06/28/2018 04:10:38",576
"ie","06/28/2018 04:11:51",5141
"ie","06/28/2018 04:20:06",5203
"chrome","06/28/2018 04:22:16",667
"ie","06/28/2018 04:30:01",5335
"chrome","06/28/2018 04:32:02",716
"ie","06/28/2018 04:39:50",4921
"chrome","06/28/2018 04:41:32",699
"chrome","06/28/2018 04:49:22",586
"ie","06/28/2018 04:50:33",5138
"chrome","06/28/2018 04:59:11",641
"ie","06/28/2018 05:00:23",5023
"ie","06/28/2018 05:08:51",5232
"chrome","06/28/2018 05:10:35",836
"ie","06/28/2018 05:18:22",4895
"chrome","06/28/2018 05:20:13",583
"chrome","06/28/2018 05:28:04",799
"ie","06/28/2018 05:29:27",5400
"ie","06/28/2018 05:37:43",4496
"chrome","06/28/2018 05:39:43",704
"chrome","06/28/2018 05:47:29",717
"ie","06/28/2018 05:48:40",4703
"ie","06/28/2018 05:57:04",5081
"chrome","06/28/2018 05:58:47",784
"ie","06/28/2018 06:06:48",4993
"chrome","06/28/2018 06:08:31",705
"ie","06/28/2018 06:16:11",5086
"chrome","06/28/2018 06:17:56",606
"ie","06/28/2018 06:25:34",5088
"chrome","06/28/2018 06:27:36",771
"ie","06/28/2018 06:35:21",5156
"chrome","06/28/2018 06:37:15",623
"chrome","06/28/2018 06:45:01",720
"ie","06/28/2018 06:46:26",4510
"chrome","06/28/2018 06:54:41",719
"ie","06/28/2018 06:55:52",4879
"ie","06/28/2018 07:04:22",4943
"chrome","06/28/2018 07:06:05",630
"ie","06/28/2018 07:14:13",4948
"chrome","06/28/2018 07:15:55",738
"ie","06/28/2018 07:23:34",4843
"chrome","06/28/2018 07:25:15",811
"ie","06/28/2018 07:32:54",5038
"chrome","06/28/2018 07:34:44",711
"ie","06/28/2018 07:42:29",5925
"chrome","06/28/2018 07:44:22",667
"ie","06/28/2018 07:52:06",4435
"chrome","06/28/2018 07:54:02",796
"ie","06/28/2018 08:01:47",4866
"chrome","06/28/2018 08:03:29",677
"ie","06/28/2018 08:11:16",5385
"chrome","06/28/2018 08:13:01",648
"chrome","06/28/2018 08:21:13",674
"ie","06/28/2018 08:22:23",5152
"chrome","06/28/2018 08:30:56",847
"ie","06/28/2018 08:32:06",4827
"ie","06/28/2018 08:40:19",5120
"chrome","06/28/2018 08:42:06",931
"chrome","06/28/2018 08:49:50",693
"ie","06/28/2018 08:51:10",4906
"chrome","06/28/2018 08:59:28",626
"ie","06/28/2018 09:00:33",5161
"chrome","06/28/2018 09:08:50",740
"ie","06/28/2018 09:09:56",4852
"chrome","06/28/2018 09:18:09",594
"ie","06/28/2018 09:19:27",5857
"ie","06/28/2018 09:27:44",5240
"chrome","06/28/2018 09:29:47",769
"ie","06/28/2018 09:37:26",5085
"chrome","06/28/2018 09:39:07",745
"ie","06/28/2018 09:46:52",5342
"chrome","06/28/2018 09:48:34",765
"chrome","06/28/2018 09:56:25",651
"ie","06/28/2018 09:57:30",6262
"ie","06/28/2018 10:05:59",5267
"chrome","06/28/2018 10:08:50",696
"chrome","06/28/2018 10:16:32",766
"ie","06/28/2018 10:17:42",5073
"ie","06/28/2018 10:25:55",5049
"chrome","06/28/2018 10:27:46",766
"chrome","06/28/2018 10:35:27",763
"ie","06/28/2018 10:36:31",5771
"chrome","06/28/2018 10:45:05",613
"ie","06/28/2018 10:46:10",4915
"ie","06/28/2018 10:54:25",4877
"chrome","06/28/2018 10:56:07",603
"chrome","06/28/2018 11:03:52",662
"ie","06/28/2018 11:05:09",4695
"chrome","06/28/2018 11:13:23",624
"ie","06/28/2018 11:14:44",4860
"chrome","06/28/2018 11:23:01",769
"ie","06/28/2018 11:24:06",4674
"chrome","06/28/2018 11:32:19",627
"ie","06/28/2018 11:33:26",5087
"ie","06/28/2018 11:41:37",4994
"chrome","06/28/2018 11:43:28",837
"ie","06/28/2018 11:51:15",5046
"chrome","06/28/2018 11:53:19",585
"ie","06/28/2018 12:01:01",5854
"chrome","06/28/2018 12:03:38",778
"chrome","06/28/2018 12:11:26",1192
"ie","06/28/2018 12:12:32",5624
"chrome","06/28/2018 12:20:54",754
"ie","06/28/2018 12:22:00",5329
"ie","06/28/2018 12:30:23",5052
"chrome","06/28/2018 12:32:04",936
"chrome","06/28/2018 12:39:50",670
"ie","06/28/2018 12:41:46",5379
"chrome","06/28/2018 12:50:05",818
"ie","06/28/2018 12:51:19",5533
"ie","06/28/2018 12:59:35",5588
"chrome","06/28/2018 13:01:36",731
"ie","06/28/2018 13:09:16",5542
"chrome","06/28/2018 13:11:02",671
"chrome","06/28/2018 13:19:06",798
"ie","06/28/2018 13:20:18",5423
"ie","06/28/2018 13:28:41",4966
"chrome","06/28/2018 13:30:28",740
"ie","06/28/2018 13:38:27",4977
"chrome","06/28/2018 13:40:09",605
"chrome","06/28/2018 13:47:55",628
"ie","06/28/2018 13:49:04",5551
"ie","06/28/2018 13:57:18",5026
"chrome","06/28/2018 13:59:06",587
"chrome","06/28/2018 14:07:09",803
"ie","06/28/2018 14:08:38",4846
"ie","06/28/2018 14:16:52",5039
"chrome","06/28/2018 14:18:31",750
"chrome","06/28/2018 14:26:19",636
"ie","06/28/2018 14:27:25",5111
"ie","06/28/2018 14:35:45",4799
"chrome","06/28/2018 14:37:32",652
"ie","06/28/2018 14:45:21",5104
"chrome","06/28/2018 14:47:03",756
"ie","06/28/2018 14:54:47",5431
"chrome","06/28/2018 14:56:35",663
"ie","06/28/2018 15:04:14",5025
"chrome","06/28/2018 15:06:11",920
"chrome","06/28/2018 15:13:59",604
"ie","06/28/2018 15:15:15",5466
"chrome","06/28/2018 15:23:34",873
"ie","06/28/2018 15:24:40",4985
"ie","06/28/2018 15:33:03",5127
"chrome","06/28/2018 15:34:49",614
"chrome","06/28/2018 15:42:41",600
"ie","06/28/2018 15:43:47",4505
"chrome","06/28/2018 15:52:06",693
"ie","06/28/2018 15:53:12",4783
"chrome","06/28/2018 16:01:29",598
"ie","06/28/2018 16:02:34",5294
"chrome","06/28/2018 16:10:48",625
"ie","06/28/2018 16:12:05",4964
"ie","06/28/2018 16:20:17",5064
"chrome","06/28/2018 16:22:14",609
"ie","06/28/2018 16:30:01",5910
"chrome","06/28/2018 16:31:40",606
"ie","06/28/2018 16:39:22",5362
"chrome","06/28/2018 16:41:04",815
"chrome","06/28/2018 16:48:53",933
"ie","06/28/2018 16:50:04",4498
"ie","06/28/2018 16:58:16",4771
"chrome","06/28/2018 17:00:15",599
"ie","06/28/2018 17:08:08",5054
"chrome","06/28/2018 17:09:49",773
"ie","06/28/2018 17:17:29",6068
"chrome","06/28/2018 17:19:18",888
"chrome","06/28/2018 17:27:04",777
"ie","06/28/2018 17:28:14",5200
"chrome","06/28/2018 17:36:33",916
"ie","06/28/2018 17:38:04",5153
"chrome","06/28/2018 17:46:21",804
"ie","06/28/2018 17:47:30",5916
"chrome","06/28/2018 17:55:45",765
"ie","06/28/2018 17:57:09",4370
"ie","06/28/2018 18:05:23",4811
"chrome","06/28/2018 18:07:04",781
"chrome","06/28/2018 18:15:09",733
"ie","06/28/2018 18:16:19",5207
"ie","06/28/2018 18:24:33",4830
"chrome","06/28/2018 18:26:15",804
"chrome","06/28/2018 18:34:05",745
"ie","06/28/2018 18:35:21",5317
"ie","06/28/2018 18:45:04",5314
"chrome","06/28/2018 18:47:03",823
"chrome","06/28/2018 18:54:48",632
"ie","06/28/2018 18:55:57",5285
"chrome","06/28/2018 19:04:19",659
"ie","06/28/2018 19:05:39",4469
"ie","06/28/2018 19:13:51",4960
"chrome","06/28/2018 19:15:32",619
"chrome","06/28/2018 19:23:25",592
"ie","06/28/2018 19:24:32",5488
"ie","06/28/2018 19:32:45",5405
"chrome","06/28/2018 19:34:31",681
"ie","06/28/2018 19:42:32",5800
"chrome","06/28/2018 19:44:19",646
"chrome","06/28/2018 19:52:04",873
"ie","06/28/2018 19:53:18",5509
"chrome","06/28/2018 20:01:48",719
"ie","06/28/2018 20:02:54",5237
"ie","06/28/2018 20:11:14",4668
"chrome","06/28/2018 20:12:57",637
"chrome","06/28/2018 20:20:52",875
"ie","06/28/2018 20:22:06",5087
"chrome","06/28/2018 20:30:25",807
"ie","06/28/2018 20:31:50",5193
"ie","06/28/2018 20:40:05",5359
"chrome","06/28/2018 20:41:51",783
"chrome","06/28/2018 20:49:41",667
"ie","06/28/2018 20:50:49",5081
"ie","06/28/2018 20:59:03",4899
"chrome","06/28/2018 21:00:50",752
"ie","06/28/2018 21:08:47",5008
"chrome","06/28/2018 21:10:38",589
"chrome","06/28/2018 21:18:25",754
"ie","06/28/2018 21:19:36",4250
"ie","06/28/2018 21:27:49",4845
"chrome","06/28/2018 21:29:31",812
"chrome","06/28/2018 21:37:24",773
"ie","06/28/2018 21:38:49",4963
"chrome","06/28/2018 21:47:15",738
"ie","06/28/2018 21:48:27",5408
"chrome","06/28/2018 21:57:04",764
"ie","06/28/2018 21:58:14",5158
"ie","06/28/2018 22:06:27",5585
"chrome","06/28/2018 22:08:13",576
"ie","06/28/2018 22:15:53",5088
"chrome","06/28/2018 22:17:32",818
"chrome","06/28/2018 22:25:19",612
"ie","06/28/2018 22:26:39",4423
"ie","06/28/2018 22:34:52",4800
"chrome","06/28/2018 22:36:34",627
"ie","06/28/2018 22:44:19",5119
"chrome","06/28/2018 22:46:17",598
"ie","06/28/2018 22:53:59",5736
"chrome","06/28/2018 22:55:46",616
"ie","06/28/2018 23:03:33",5073
"chrome","06/28/2018 23:05:13",792
"ie","06/28/2018 23:12:51",5261
"chrome","06/28/2018 23:14:42",591
"chrome","06/28/2018 23:22:31",664
"ie","06/28/2018 23:23:56",5238
"chrome","06/28/2018 23:32:12",686
"ie","06/28/2018 23:33:23",4826
"ie","06/28/2018 23:41:36",4861
"chrome","06/28/2018 23:43:17",740
"ie","06/28/2018 23:51:09",4720
"chrome","06/28/2018 23:52:53",733
"ie","06/29/2018 00:00:55",6102
"chrome","06/29/2018 00:02:52",806
"ie","06/29/2018 00:10:38",4894
"chrome","06/29/2018 00:12:19",675
"ie","06/29/2018 00:20:04",4790
"chrome","06/29/2018 00:21:46",703
"chrome","06/29/2018 00:29:38",605
"ie","06/29/2018 00:30:48",4934
"chrome","06/29/2018 00:39:04",686
"ie","06/29/2018 00:40:33",4908
"chrome","06/29/2018 00:48:47",596
"ie","06/29/2018 00:49:57",5329
"chrome","06/29/2018 00:58:13",588
"ie","06/29/2018 00:59:24",4968
"chrome","06/29/2018 01:07:42",596
"ie","06/29/2018 01:08:52",4882
"chrome","06/29/2018 01:17:11",773
"ie","06/29/2018 01:18:51",5320
"chrome","06/29/2018 01:27:07",683
"ie","06/29/2018 01:28:17",5103
"ie","06/29/2018 01:36:33",5122
"chrome","06/29/2018 01:38:18",728
"chrome","06/29/2018 01:46:05",581
"ie","06/29/2018 01:47:21",4592
"ie","06/29/2018 01:56:01",5373
"chrome","06/29/2018 01:57:42",750
"ie","06/29/2018 02:05:27",5404
"chrome","06/29/2018 02:09:01",866
"chrome","06/29/2018 02:16:47",632
"ie","06/29/2018 02:17:57",5354
"ie","06/29/2018 02:26:35",4872
"chrome","06/29/2018 02:28:17",696
"ie","06/29/2018 02:36:01",5698
"chrome","06/29/2018 02:37:44",666
"chrome","06/29/2018 02:45:35",695
"ie","06/29/2018 02:46:44",5180
"chrome","06/29/2018 02:55:07",737
"ie","06/29/2018 02:56:42",4698
"ie","06/29/2018 03:04:57",5287
"chrome","06/29/2018 03:06:39",682
"ie","06/29/2018 03:14:25",5127
"chrome","06/29/2018 03:16:22",662
"chrome","06/29/2018 03:24:10",746
"ie","06/29/2018 03:25:21",5051
"chrome","06/29/2018 03:34:03",683
"ie","06/29/2018 03:35:13",5059
"ie","06/29/2018 03:43:29",5832
"chrome","06/29/2018 03:45:14",688
"chrome","06/29/2018 03:53:05",711
"ie","06/29/2018 03:54:15",4643
"ie","06/29/2018 04:02:35",4200
"chrome","06/29/2018 04:04:52",614
"chrome","06/29/2018 04:12:39",812
"ie","06/29/2018 04:13:49",4703
"chrome","06/29/2018 04:22:06",864
"ie","06/29/2018 04:23:22",5246
"chrome","06/29/2018 04:31:39",579
"ie","06/29/2018 04:32:49",5019
"ie","06/29/2018 04:41:14",5346
"chrome","06/29/2018 04:43:13",600
"chrome","06/29/2018 04:50:59",792
"ie","06/29/2018 04:52:11",5166
"ie","06/29/2018 05:00:30",5856
"chrome","06/29/2018 05:02:13",579
"ie","06/29/2018 05:09:58",5035
"chrome","06/29/2018 05:11:51",641
"ie","06/29/2018 05:19:36",4785
"chrome","06/29/2018 05:21:29",706
"ie","06/29/2018 05:29:14",5046
"chrome","06/29/2018 05:31:00",706
"chrome","06/29/2018 05:38:48",630
"ie","06/29/2018 05:39:58",5938
"chrome","06/29/2018 05:48:30",898
"ie","06/29/2018 05:49:41",4769
"chrome","06/29/2018 05:57:57",609
"ie","06/29/2018 05:59:23",5037
"chrome","06/29/2018 06:07:47",815
"ie","06/29/2018 06:08:50",5018
"ie","06/29/2018 06:17:07",4731
"chrome","06/29/2018 06:19:01",733
"chrome","06/29/2018 06:26:47",667
"ie","06/29/2018 06:27:57",5208
"ie","06/29/2018 06:36:23",5097
"chrome","06/29/2018 06:38:09",671
"chrome","06/29/2018 06:45:55",882
"ie","06/29/2018 06:47:07",5033
"ie","06/29/2018 06:55:31",5859
"chrome","06/29/2018 06:57:22",792
"chrome","06/29/2018 07:05:09",763
"ie","06/29/2018 07:06:14",5400
"chrome","06/29/2018 07:14:33",703
"ie","06/29/2018 07:16:04",4871
"ie","06/29/2018 07:24:18",4641
"chrome","06/29/2018 07:26:02",742
"ie","06/29/2018 07:33:50",4761
"chrome","06/29/2018 07:35:31",661
"chrome","06/29/2018 07:43:34",695
"ie","06/29/2018 07:44:46",5264
"ie","06/29/2018 07:53:14",4999
"chrome","06/29/2018 07:55:03",729
"chrome","06/29/2018 08:02:46",616
"ie","06/29/2018 08:03:57",5314
"chrome","06/29/2018 14:32:17",692
"ie","06/29/2018 14:33:55",4548
"ie","06/29/2018 14:42:13",4995
"chrome","06/29/2018 14:44:07",796
"chrome","06/29/2018 14:51:52",644
"ie","06/29/2018 14:53:04",5088
"ie","06/29/2018 15:01:16",5100
"chrome","06/29/2018 15:02:59",716
"ie","06/29/2018 15:11:12",5224
"chrome","06/29/2018 15:13:01",712
"ie","06/29/2018 15:20:47",5256
"chrome","06/29/2018 15:22:31",1060
"ie","06/29/2018 15:30:19",5284
"chrome","06/29/2018 15:32:02",700
"chrome","06/29/2018 15:39:47",628
"ie","06/29/2018 15:41:04",4656
"chrome","06/29/2018 15:49:20",630
"ie","06/29/2018 15:50:48",4973
"chrome","06/29/2018 15:59:07",618
"ie","06/29/2018 16:00:18",5502
"chrome","06/29/2018 16:08:37",584
"ie","06/29/2018 16:09:42",4895
"chrome","06/29/2018 16:18:18",788
"ie","06/29/2018 16:19:45",5227
"chrome","06/29/2018 16:28:34",871
"ie","06/29/2018 16:29:39",4992
"chrome","06/29/2018 16:37:55",993
"ie","06/29/2018 16:39:06",5093
"chrome","06/29/2018 16:47:23",812
"ie","06/29/2018 16:48:33",4863
"ie","06/29/2018 16:56:55",5006
"chrome","06/29/2018 16:58:43",589
"chrome","06/29/2018 17:06:30",638
"ie","06/29/2018 17:07:38",4919
"ie","06/29/2018 17:15:53",5060
"chrome","06/29/2018 17:17:35",753
"ie","06/29/2018 17:25:18",4966
"chrome","06/29/2018 17:27:42",737
"ie","06/29/2018 17:35:32",5982
"chrome","06/29/2018 17:37:15",651
"chrome","06/29/2018 17:45:01",736
"ie","06/29/2018 17:46:11",5425
"chrome","06/29/2018 17:54:30",683
"ie","06/29/2018 17:55:48",4701
"chrome","06/29/2018 18:04:12",667
"ie","06/29/2018 18:05:26",4845
"ie","06/29/2018 18:13:42",5072
"chrome","06/29/2018 18:15:27",705
"chrome","06/29/2018 18:23:14",639
"ie","06/29/2018 18:24:25",5099
"ie","06/29/2018 18:32:52",4948
"chrome","06/29/2018 18:34:48",771
"chrome","06/29/2018 18:42:53",603
"ie","06/29/2018 18:43:58",5915
"ie","06/29/2018 18:52:18",5149
"chrome","06/29/2018 18:54:01",681
"ie","06/29/2018 19:01:45",4581
"chrome","06/29/2018 19:03:29",616
"ie","06/29/2018 19:11:26",4848
"chrome","06/29/2018 19:13:25",678
"chrome","06/29/2018 19:21:11",837
"ie","06/29/2018 19:22:22",5234
"ie","06/29/2018 19:30:36",4891
"chrome","06/29/2018 19:32:18",745
"chrome","06/29/2018 19:40:05",699
"ie","06/29/2018 19:41:20",5144
"chrome","06/29/2018 19:49:36",645
"ie","06/29/2018 19:51:03",5008
"chrome","06/29/2018 19:59:21",595
"ie","06/29/2018 20:00:31",5698
"ie","06/29/2018 20:08:48",4684
"chrome","06/29/2018 20:10:33",739
"chrome","06/29/2018 20:18:27",590
"ie","06/29/2018 20:19:37",4873
"ie","06/29/2018 20:28:10",4955
"chrome","06/29/2018 20:30:02",699
"chrome","06/29/2018 20:37:48",787
"ie","06/29/2018 20:38:58",6005
"ie","06/29/2018 20:47:16",5164
"chrome","06/29/2018 20:49:08",751
"ie","06/29/2018 20:56:53",5108
"chrome","06/29/2018 20:58:49",688
"chrome","06/29/2018 21:06:41",775
"ie","06/29/2018 21:07:52",5084
"chrome","06/29/2018 21:16:12",593
"ie","06/29/2018 21:17:21",4711
"chrome","06/29/2018 21:25:37",659
"ie","06/29/2018 21:26:55",4823
"ie","06/29/2018 21:35:11",5215
"chrome","06/29/2018 21:37:18",701
"chrome","06/29/2018 21:45:04",735
"ie","06/29/2018 21:46:14",5106
"chrome","06/29/2018 21:54:34",688
"ie","06/29/2018 21:55:45",5333
"ie","06/29/2018 22:04:07",5018
"chrome","06/29/2018 22:06:07",756
"ie","06/29/2018 22:14:09",5077
"chrome","06/29/2018 22:15:51",584
"chrome","06/29/2018 22:23:38",654
"ie","06/29/2018 22:24:49",4756
"chrome","06/29/2018 22:33:07",664
"ie","06/29/2018 22:34:22",4785
"chrome","06/29/2018 22:42:42",589
"ie","06/29/2018 22:44:17",5294
"chrome","06/29/2018 22:52:36",618
"ie","06/29/2018 22:53:41",5204
"ie","06/29/2018 23:01:58",5755
"chrome","06/29/2018 23:03:42",600
"ie","06/29/2018 23:11:38",5202
"chrome","06/29/2018 23:13:23",652
"chrome","06/29/2018 23:21:34",753
"ie","06/29/2018 23:22:44",5094
"ie","06/29/2018 23:31:00",5304
"chrome","06/29/2018 23:32:44",719
"chrome","06/29/2018 23:40:32",614
"ie","06/29/2018 23:41:55",4795
"ie","06/29/2018 23:50:11",5306
"chrome","06/29/2018 23:52:17",677
"ie","06/30/2018 00:00:01",6624
"chrome","06/30/2018 00:02:01",648
"chrome","06/30/2018 00:09:48",582
"ie","06/30/2018 00:11:02",5192
"chrome","06/30/2018 00:19:22",761
"ie","06/30/2018 00:20:33",5289
"ie","06/30/2018 00:29:04",5044
"chrome","06/30/2018 00:30:46",725
"chrome","06/30/2018 00:38:28",734
"ie","06/30/2018 00:39:39",4513
"chrome","06/30/2018 00:47:52",631
"ie","06/30/2018 00:49:18",4841
"ie","06/30/2018 00:57:34",4860
"chrome","06/30/2018 00:59:22",857
"chrome","06/30/2018 01:07:09",619
"ie","06/30/2018 01:08:14",5089
"chrome","06/30/2018 01:16:33",671
"ie","06/30/2018 01:17:43",5252
"chrome","06/30/2018 01:26:02",708
"ie","06/30/2018 01:27:43",5430
"chrome","06/30/2018 01:36:06",713
"ie","06/30/2018 01:37:17",5214
"chrome","06/30/2018 01:45:45",753
"ie","06/30/2018 01:46:56",4624
"ie","06/30/2018 01:55:11",5064
"chrome","06/30/2018 01:57:04",709
"chrome","06/30/2018 02:05:17",610
"ie","06/30/2018 02:06:30",6384
"ie","06/30/2018 02:14:46",5057
"chrome","06/30/2018 02:16:42",762
"ie","06/30/2018 02:24:26",5496
"chrome","06/30/2018 02:26:10",618
"chrome","06/30/2018 02:34:06",650
"ie","06/30/2018 02:35:38",5075
"ie","06/30/2018 02:44:04",4800
"chrome","06/30/2018 02:45:46",595
"chrome","06/30/2018 02:53:44",605
"ie","06/30/2018 02:54:51",4693
"chrome","06/30/2018 03:03:07",762
"ie","06/30/2018 03:04:22",4862
"ie","06/30/2018 03:12:49",5406
"chrome","06/30/2018 03:14:37",753
"chrome","06/30/2018 03:22:24",699
"ie","06/30/2018 03:23:48",5195
"ie","06/30/2018 03:32:04",4888
"chrome","06/30/2018 03:33:46",738
"chrome","06/30/2018 03:41:37",652
"ie","06/30/2018 03:43:03",5286
"ie","06/30/2018 03:51:25",4981
"chrome","06/30/2018 03:53:07",665
"ie","06/30/2018 04:01:05",4593
"chrome","06/30/2018 04:02:49",639
"ie","06/30/2018 04:10:35",4604
"chrome","06/30/2018 04:12:18",773
"chrome","06/30/2018 04:20:28",715
"ie","06/30/2018 04:21:39",5095
"chrome","06/30/2018 04:29:56",775
"ie","06/30/2018 04:31:22",4970
"ie","06/30/2018 04:39:37",4839
"chrome","06/30/2018 04:41:32",679
"chrome","06/30/2018 04:49:12",772
"ie","06/30/2018 04:50:43",5052
"ie","06/30/2018 04:59:05",4776
"chrome","06/30/2018 05:00:49",625
"chrome","06/30/2018 05:08:49",720
"ie","06/30/2018 05:09:59",5346
"ie","06/30/2018 05:18:27",4975
"chrome","06/30/2018 05:20:08",669
"ie","06/30/2018 05:28:16",5052
"chrome","06/30/2018 05:30:04",620
"ie","06/30/2018 05:37:48",4989
"chrome","06/30/2018 05:39:47",717
"chrome","06/30/2018 05:47:38",775
"ie","06/30/2018 05:48:49",5191
"ie","06/30/2018 05:57:04",4695
"chrome","06/30/2018 05:59:01",656
"ie","06/30/2018 06:06:46",5283
"chrome","06/30/2018 06:08:30",746
"chrome","06/30/2018 06:16:16",693
"ie","06/30/2018 06:17:48",4850
"chrome","06/30/2018 06:26:06",672
"ie","06/30/2018 06:27:11",4992
"chrome","06/30/2018 06:35:22",883
"ie","06/30/2018 06:36:52",5100
"ie","06/30/2018 06:45:06",4916
"chrome","06/30/2018 06:46:48",735
"ie","06/30/2018 06:54:56",5241
"chrome","06/30/2018 06:56:48",628
"ie","06/30/2018 07:04:27",5729
"chrome","06/30/2018 07:06:12",745
"chrome","06/30/2018 07:14:20",669
"ie","06/30/2018 07:15:30",6414
"ie","06/30/2018 07:23:46",4625
"chrome","06/30/2018 07:25:42",733
"ie","06/30/2018 07:33:27",5193
"chrome","06/30/2018 07:35:11",586
"chrome","06/30/2018 07:42:58",837
"ie","06/30/2018 07:44:33",5177
"chrome","06/30/2018 07:52:48",652
"ie","06/30/2018 07:54:04",5087
"ie","06/30/2018 08:02:35",5069
"chrome","06/30/2018 08:04:19",710
"ie","06/30/2018 08:11:59",5802
"chrome","06/30/2018 08:13:45",776
"chrome","06/30/2018 08:22:03",745
"ie","06/30/2018 08:23:14",5260
"ie","06/30/2018 08:31:37",4493
"chrome","06/30/2018 08:33:33",710
"chrome","06/30/2018 08:41:20",692
"ie","06/30/2018 08:42:25",4799
"ie","06/30/2018 08:50:39",4900
"chrome","06/30/2018 08:52:54",629
"ie","06/30/2018 09:00:44",5050
"chrome","06/30/2018 09:02:27",934
"chrome","06/30/2018 09:10:30",853
"ie","06/30/2018 09:11:40",4884
"ie","06/30/2018 09:19:54",4906
"chrome","06/30/2018 09:21:37",755
"chrome","06/30/2018 09:29:53",633
"ie","06/30/2018 09:31:05",4986
"ie","06/30/2018 09:39:19",4694
"chrome","06/30/2018 09:41:14",572
"ie","06/30/2018 09:48:58",5719
"chrome","06/30/2018 09:50:41",625
"ie","06/30/2018 09:58:26",5307
"chrome","06/30/2018 10:00:31",741
"ie","06/30/2018 10:08:15",5252
"chrome","06/30/2018 10:10:02",687
"chrome","06/30/2018 10:18:15",648
"ie","06/30/2018 10:19:25",5108
"chrome","06/30/2018 10:27:40",764
"ie","06/30/2018 10:29:01",5564
"ie","06/30/2018 10:37:36",5130
"chrome","06/30/2018 10:39:19",752
"chrome","06/30/2018 10:47:06",747
"ie","06/30/2018 10:48:33",4931
"ie","06/30/2018 10:56:49",4930
"chrome","06/30/2018 10:58:41",673
"ie","06/30/2018 11:06:27",5593
"chrome","06/30/2018 11:08:36",788
"chrome","06/30/2018 11:16:24",743
"ie","06/30/2018 11:17:31",6142
"ie","06/30/2018 11:26:00",6029
"chrome","06/30/2018 11:27:47",725
"ie","06/30/2018 11:35:43",5302
"chrome","06/30/2018 11:37:28",665
"chrome","06/30/2018 11:46:07",593
"ie","06/30/2018 11:47:17",5418
"chrome","06/30/2018 11:55:36",596
"ie","06/30/2018 11:57:02",5338
"ie","06/30/2018 12:05:26",4849
"chrome","06/30/2018 12:07:10",595
"ie","06/30/2018 12:14:58",5913
"chrome","06/30/2018 12:17:19",654
"ie","06/30/2018 12:25:04",5054
"chrome","06/30/2018 12:26:48",650
"ie","06/30/2018 12:34:48",4960
"chrome","06/30/2018 12:36:32",857
"chrome","06/30/2018 12:44:19",662
"ie","06/30/2018 12:45:28",5635
"chrome","06/30/2018 12:54:16",680
"ie","06/30/2018 12:55:26",5190
"chrome","06/30/2018 13:03:43",718
"ie","06/30/2018 13:04:50",4760
"chrome","06/30/2018 13:13:09",698
"ie","06/30/2018 13:14:19",4734
"ie","06/30/2018 13:22:37",4928
"chrome","06/30/2018 13:24:37",682
"chrome","06/30/2018 13:32:24",635
"ie","06/30/2018 13:33:34",4779
"chrome","06/30/2018 13:42:04",856
"ie","06/30/2018 13:43:09",4913
"ie","06/30/2018 13:51:27",5504
"chrome","06/30/2018 13:53:13",597
"ie","06/30/2018 14:01:26",5257
"chrome","06/30/2018 14:03:08",674
"chrome","06/30/2018 14:10:55",802
"ie","06/30/2018 14:12:03",4495
"chrome","06/30/2018 14:20:19",606
"ie","06/30/2018 14:21:25",4725
"ie","06/30/2018 14:29:32",5461
"chrome","06/30/2018 14:31:54",600
"chrome","06/30/2018 14:39:40",705
"ie","06/30/2018 14:40:50",5170
"ie","06/30/2018 14:49:19",5020
"chrome","06/30/2018 14:51:02",617
"ie","06/30/2018 14:58:46",5147
"chrome","06/30/2018 15:00:29",807
"chrome","06/30/2018 15:08:49",782
"ie","06/30/2018 15:10:00",6292
"chrome","06/30/2018 15:18:19",601
"ie","06/30/2018 15:19:44",4802
"chrome","06/30/2018 15:28:02",784
"ie","06/30/2018 15:29:13",5237
"ie","06/30/2018 15:37:30",5644
"chrome","06/30/2018 15:39:45",717
"ie","06/30/2018 15:47:29",5734
"chrome","06/30/2018 15:49:11",577
"ie","06/30/2018 15:56:52",5036
"chrome","06/30/2018 15:58:34",714
"ie","06/30/2018 16:06:19",5255
"chrome","06/30/2018 16:08:02",951
"ie","06/30/2018 16:16:13",5264
"chrome","06/30/2018 16:17:58",758
"ie","06/30/2018 16:25:44",4625
"chrome","06/30/2018 16:27:41",773
"ie","06/30/2018 16:35:20",4872
"chrome","06/30/2018 16:37:12",886
"chrome","06/30/2018 16:44:58",625
"ie","06/30/2018 16:46:26",5094
"chrome","06/30/2018 16:54:44",783
"ie","06/30/2018 16:55:49",5001
"ie","06/30/2018 17:04:04",4898
"chrome","06/30/2018 17:06:04",703
"ie","06/30/2018 17:13:48",5121
"chrome","06/30/2018 17:15:32",610
"chrome","06/30/2018 17:23:35",815
"ie","06/30/2018 17:24:46",5042
"chrome","06/30/2018 17:33:05",589
"ie","06/30/2018 17:34:16",4591
"ie","06/30/2018 17:42:31",5500
"chrome","06/30/2018 17:44:29",884
"ie","06/30/2018 17:52:14",5700
"chrome","06/30/2018 17:54:02",767
"ie","06/30/2018 18:01:48",5595
"chrome","06/30/2018 18:03:32",698
"chrome","06/30/2018 18:11:19",655
"ie","06/30/2018 18:12:30",6014
"ie","06/30/2018 18:20:45",5131
"chrome","06/30/2018 18:22:59",767
"chrome","06/30/2018 18:30:49",850
"ie","06/30/2018 18:32:00",5994
"chrome","06/30/2018 18:40:17",779
"ie","06/30/2018 18:41:37",4445
"chrome","06/30/2018 18:49:51",665
"ie","06/30/2018 18:51:02",5382
"chrome","06/30/2018 18:59:14",726
"ie","06/30/2018 19:00:44",5131
"ie","06/30/2018 19:09:02",5298
"chrome","06/30/2018 19:10:44",760
"ie","06/30/2018 19:18:28",5359
"chrome","06/30/2018 19:20:12",628
"chrome","06/30/2018 19:27:58",754
"ie","06/30/2018 19:29:09",5026
"chrome","06/30/2018 19:37:24",711
"ie","06/30/2018 19:39:11",5150
"ie","06/30/2018 19:47:26",4647
"chrome","06/30/2018 19:49:10",607
"chrome","06/30/2018 19:56:56",596
"ie","06/30/2018 19:58:00",5588
"ie","06/30/2018 20:06:14",5192
"chrome","06/30/2018 20:07:57",798
"ie","06/30/2018 20:16:17",4968
"chrome","06/30/2018 20:18:01",699
"ie","06/30/2018 20:25:45",5077
"chrome","06/30/2018 20:27:30",644
"chrome","06/30/2018 20:35:10",770
"ie","06/30/2018 20:36:21",4978
"ie","06/30/2018 20:44:36",5054
"chrome","06/30/2018 20:46:52",828
"ie","06/30/2018 20:54:38",4412
"chrome","06/30/2018 20:56:20",753
"ie","06/30/2018 21:04:04",4667
"chrome","06/30/2018 21:05:47",642
"chrome","06/30/2018 21:13:35",665
"ie","06/30/2018 21:14:51",4950
"ie","06/30/2018 21:23:07",4998
"chrome","06/30/2018 21:25:17",641
"ie","06/30/2018 21:33:01",5779
"chrome","06/30/2018 21:34:45",592
"chrome","06/30/2018 21:42:26",838
"ie","06/30/2018 21:43:37",4779
"chrome","06/30/2018 21:52:03",910
"ie","06/30/2018 21:53:19",4998
"chrome","06/30/2018 22:01:36",798
"ie","06/30/2018 22:03:25",4428
"ie","06/30/2018 22:11:38",4850
"chrome","06/30/2018 22:13:20",868
"ie","06/30/2018 22:21:05",5037
"chrome","06/30/2018 22:22:47",821
"ie","06/30/2018 22:30:35",4913
"chrome","06/30/2018 22:32:18",607
"chrome","06/30/2018 22:40:42",721
"ie","06/30/2018 22:41:52",5072
"ie","06/30/2018 22:50:07",4981
"chrome","06/30/2018 22:51:50",804
"ie","06/30/2018 22:59:35",4867
"chrome","06/30/2018 23:01:18",647
"ie","06/30/2018 23:09:02",5031
"chrome","06/30/2018 23:11:12",625
"chrome","06/30/2018 23:18:59",694
"ie","06/30/2018 23:20:09",4672
"chrome","06/30/2018 23:28:25",720
"ie","06/30/2018 23:29:36",4820
"chrome","06/30/2018 23:37:56",810
"ie","06/30/2018 23:39:07",4962
"ie","06/30/2018 23:47:22",5177
"chrome","06/30/2018 23:49:48",597
"ie","06/30/2018 23:57:33",4978
"chrome","06/30/2018 23:59:14",786
"ie","07/01/2018 00:06:54",4938
"chrome","07/01/2018 00:08:36",671
"ie","07/01/2018 00:16:21",4724
"chrome","07/01/2018 00:18:03",826
"ie","07/01/2018 00:26:31",5849
"chrome","07/01/2018 00:28:15",638
"chrome","07/01/2018 00:36:02",801
"ie","07/01/2018 00:37:08",4875
"ie","07/01/2018 00:45:23",5176
"chrome","07/01/2018 00:47:07",614
"chrome","07/01/2018 00:54:54",758
"ie","07/01/2018 00:56:36",4799
"chrome","07/01/2018 01:04:51",774
"ie","07/01/2018 01:06:03",5474
"ie","07/01/2018 01:14:35",5005
"chrome","07/01/2018 01:16:19",702
"chrome","07/01/2018 01:24:07",855
"ie","07/01/2018 01:25:28",5093
"ie","07/01/2018 01:34:01",5423
"chrome","07/01/2018 01:35:45",622
"ie","07/01/2018 01:43:29",5881
"chrome","07/01/2018 01:45:26",797
"ie","07/01/2018 01:53:12",4899
"chrome","07/01/2018 01:55:05",612
"chrome","07/01/2018 02:02:50",632
"ie","07/01/2018 02:04:36",5315
"chrome","07/01/2018 02:12:53",775
"ie","07/01/2018 02:14:04",4701
"ie","07/01/2018 02:22:33",5151
"chrome","07/01/2018 02:24:17",626
"ie","07/01/2018 02:32:13",4400
"chrome","07/01/2018 02:33:54",636
"ie","07/01/2018 02:42:00",5658
"chrome","07/01/2018 02:43:43",649
"chrome","07/01/2018 02:51:29",679
"ie","07/01/2018 02:52:54",5152
"chrome","07/01/2018 03:01:10",788
"ie","07/01/2018 03:02:33",4985
"ie","07/01/2018 03:10:47",5106
"chrome","07/01/2018 03:12:45",703
"ie","07/01/2018 03:20:30",6218
"chrome","07/01/2018 03:22:14",827
"chrome","07/01/2018 03:30:16",755
"ie","07/01/2018 03:31:27",5057
"ie","07/01/2018 03:39:52",4541
"chrome","07/01/2018 03:41:33",849
"ie","07/01/2018 03:49:43",4701
"chrome","07/01/2018 03:51:25",859
"ie","07/01/2018 03:59:09",4879
"chrome","07/01/2018 04:01:06",688
"chrome","07/01/2018 04:09:00",707
"ie","07/01/2018 04:10:15",5315
"chrome","07/01/2018 04:18:34",616
"ie","07/01/2018 04:20:10",4796
"chrome","07/01/2018 04:28:26",616
"ie","07/01/2018 04:29:36",4934
"ie","07/01/2018 04:38:22",4899
"chrome","07/01/2018 04:40:05",791
"chrome","07/01/2018 04:47:54",611
"ie","07/01/2018 04:49:05",4307
"chrome","07/01/2018 04:57:45",665
"ie","07/01/2018 04:58:55",4692
"chrome","07/01/2018 05:07:10",792
"ie","07/01/2018 05:08:36",5105
"ie","07/01/2018 05:16:51",5068
"chrome","07/01/2018 05:18:36",596
"ie","07/01/2018 05:26:21",5128
"chrome","07/01/2018 05:28:19",660
"ie","07/01/2018 05:36:03",4774
"chrome","07/01/2018 05:37:54",709
"ie","07/01/2018 05:45:51",4989
"chrome","07/01/2018 05:47:32",783
"ie","07/01/2018 05:55:19",4522
"chrome","07/01/2018 05:57:01",918
"ie","07/01/2018 06:05:12",4934
"chrome","07/01/2018 06:07:05",658
"chrome","07/01/2018 06:14:51",712
"ie","07/01/2018 06:16:15",5371
"chrome","07/01/2018 06:24:33",741
"ie","07/01/2018 06:25:47",4984
"ie","07/01/2018 06:34:02",5285
"chrome","07/01/2018 06:36:07",776
"chrome","07/01/2018 06:43:58",575
"ie","07/01/2018 06:45:08",4978
"ie","07/01/2018 06:53:36",4935
"chrome","07/01/2018 06:55:20",607
"chrome","07/01/2018 07:03:07",658
"ie","07/01/2018 07:04:19",4577
"ie","07/01/2018 07:12:36",4841
"chrome","07/01/2018 07:14:41",711
"chrome","07/01/2018 07:22:28",774
"ie","07/01/2018 07:23:55",4889
"ie","07/01/2018 07:32:09",4800
"chrome","07/01/2018 07:33:55",691
"ie","07/01/2018 07:41:42",4795
"chrome","07/01/2018 07:43:33",759
"chrome","07/01/2018 07:51:39",574
"ie","07/01/2018 07:52:43",5067
"chrome","07/01/2018 08:01:12",720
"ie","07/01/2018 08:02:18",5151
"ie","07/01/2018 08:10:34",4546
"chrome","07/01/2018 08:12:25",669
"ie","07/01/2018 08:20:13",4987
"chrome","07/01/2018 08:22:19",595
"chrome","07/01/2018 08:30:06",608
"ie","07/01/2018 08:31:11",5300
"ie","07/01/2018 08:39:29",5582
"chrome","07/01/2018 08:41:13",710
"ie","07/01/2018 08:48:57",5271
"chrome","07/01/2018 08:50:37",595
"ie","07/01/2018 08:58:21",4972
"chrome","07/01/2018 09:00:21",714
"chrome","07/01/2018 09:08:20",673
"ie","07/01/2018 09:09:27",5476
"ie","07/01/2018 09:17:43",4700
"chrome","07/01/2018 09:19:26",652
"chrome","07/01/2018 09:27:14",615
"ie","07/01/2018 09:28:24",4988
"ie","07/01/2018 09:36:38",4909
"chrome","07/01/2018 09:38:50",611
"ie","07/01/2018 09:46:30",6558
"chrome","07/01/2018 09:48:26",624
"chrome","07/01/2018 09:56:12",742
"ie","07/01/2018 09:57:18",5229
"ie","07/01/2018 10:05:34",5580
"chrome","07/01/2018 10:07:19",981
"ie","07/01/2018 10:15:35",5371
"chrome","07/01/2018 10:17:22",635
"chrome","07/01/2018 10:25:20",627
"ie","07/01/2018 10:26:27",5544
"chrome","07/01/2018 10:34:46",641
"ie","07/01/2018 10:35:57",5812
"chrome","07/01/2018 10:44:16",634
"ie","07/01/2018 10:45:44",5393
"ie","07/01/2018 10:54:03",5695
"chrome","07/01/2018 10:55:47",797
"ie","07/01/2018 11:03:35",5032
"chrome","07/01/2018 11:05:21",640
"chrome","07/01/2018 11:13:08",596
"ie","07/01/2018 11:14:13",4971
"chrome","07/01/2018 11:22:53",649
"ie","07/01/2018 11:24:45",5080
"chrome","07/01/2018 11:33:02",669
"ie","07/01/2018 11:34:13",4660
"chrome","07/01/2018 11:42:28",859
"ie","07/01/2018 11:43:38",4917
"chrome","07/01/2018 11:51:55",665
"ie","07/01/2018 11:53:08",4738
"ie","07/01/2018 12:02:09",5113
"chrome","07/01/2018 12:03:52",599
"ie","07/01/2018 12:11:38",4920
"chrome","07/01/2018 12:13:20",589
"ie","07/01/2018 12:21:05",5020
"chrome","07/01/2018 12:22:48",790
"ie","07/01/2018 12:30:35",4865
"chrome","07/01/2018 12:32:49",686
"ie","07/01/2018 12:40:34",4718
"chrome","07/01/2018 12:42:17",811
"ie","07/01/2018 12:50:01",5561
"chrome","07/01/2018 12:51:43",756
"ie","07/01/2018 12:59:22",5318
"chrome","07/01/2018 13:01:10",715
"chrome","07/01/2018 13:09:14",784
"ie","07/01/2018 13:10:19",4890
"ie","07/01/2018 13:18:34",4946
"chrome","07/01/2018 13:20:15",789
"ie","07/01/2018 13:28:00",6161
"chrome","07/01/2018 13:29:54",613
"chrome","07/01/2018 13:37:55",789
"ie","07/01/2018 13:39:23",4964
"ie","07/01/2018 13:47:50",4783
"chrome","07/01/2018 13:49:31",1834
"ie","07/01/2018 13:57:18",4764
"chrome","07/01/2018 13:59:11",654
"chrome","07/01/2018 14:07:00",651
"ie","07/01/2018 14:08:25",4899
"chrome","07/01/2018 14:17:04",735
"ie","07/01/2018 14:18:09",4752
"chrome","07/01/2018 14:26:24",779
"ie","07/01/2018 14:27:37",5170
"ie","07/01/2018 14:36:01",5595
"chrome","07/01/2018 14:37:44",641
"ie","07/01/2018 14:45:44",5175
"chrome","07/01/2018 14:47:49",619
"chrome","07/01/2018 14:55:30",753
"ie","07/01/2018 14:56:40",4435
"chrome","07/01/2018 15:04:58",592
"ie","07/01/2018 15:06:08",4890
"ie","07/01/2018 15:14:23",5483
"chrome","07/01/2018 15:16:24",811
"chrome","07/01/2018 15:24:30",732
"ie","07/01/2018 15:25:35",4878
"ie","07/01/2018 15:33:49",5519
"chrome","07/01/2018 15:35:32",601
"ie","07/01/2018 15:43:17",4968
"chrome","07/01/2018 15:44:59",901
"chrome","07/01/2018 15:52:46",950
"ie","07/01/2018 15:54:18",5234
"ie","07/01/2018 16:02:33",4872
"chrome","07/01/2018 16:04:31",761
"ie","07/01/2018 16:12:16",4980
"chrome","07/01/2018 16:13:59",710
"chrome","07/01/2018 16:21:45",685
"ie","07/01/2018 16:22:56",5495
"chrome","07/01/2018 16:31:16",662
"ie","07/01/2018 16:32:50",4781
"ie","07/01/2018 16:41:18",5333
"chrome","07/01/2018 16:43:04",714
"chrome","07/01/2018 16:50:50",774
"ie","07/01/2018 16:52:01",5759
"ie","07/01/2018 17:00:16",5429
"chrome","07/01/2018 17:02:19",683
"chrome","07/01/2018 17:10:13",594
"ie","07/01/2018 17:11:39",4248
"ie","07/01/2018 17:19:53",5014
"chrome","07/01/2018 17:21:35",743
"ie","07/01/2018 17:29:19",4980
"chrome","07/01/2018 17:31:03",808
"chrome","07/01/2018 17:39:00",765
"ie","07/01/2018 17:40:23",4732
"ie","07/01/2018 17:48:53",5373
"chrome","07/01/2018 17:50:35",664
"ie","07/01/2018 17:58:20",5189
"chrome","07/01/2018 18:00:03",926
"ie","07/01/2018 18:07:48",5015
"chrome","07/01/2018 18:09:34",800
"chrome","07/01/2018 18:17:27",683
"ie","07/01/2018 18:18:51",4710
"chrome","07/01/2018 18:27:07",631
"ie","07/01/2018 18:28:22",5151
"ie","07/01/2018 18:36:38",4878
"chrome","07/01/2018 18:38:32",657
"ie","07/01/2018 18:46:20",4805
"chrome","07/01/2018 18:48:11",727
"ie","07/01/2018 18:56:12",4886
"chrome","07/01/2018 18:57:54",600
"chrome","07/01/2018 19:05:42",666
"ie","07/01/2018 19:06:53",4967
"chrome","07/01/2018 19:15:20",799
"ie","07/01/2018 19:16:36",4889
"ie","07/01/2018 19:25:06",4527
"chrome","07/01/2018 19:27:03",610
"chrome","07/01/2018 19:34:50",810
"ie","07/01/2018 19:36:03",4873
"ie","07/01/2018 19:44:17",5154
"chrome","07/01/2018 19:46:03",706
"ie","07/01/2018 19:53:52",5021
"chrome","07/01/2018 19:55:50",585
"chrome","07/01/2018 20:03:52",643
"ie","07/01/2018 20:05:05",5166
"chrome","07/01/2018 20:13:24",799
"ie","07/01/2018 20:14:36",5446
"chrome","07/01/2018 20:22:59",646
"ie","07/01/2018 20:24:06",5250
"chrome","07/01/2018 20:32:24",578
"ie","07/01/2018 20:34:02",5224
"chrome","07/01/2018 20:42:19",876
"ie","07/01/2018 20:43:40",4486
"ie","07/01/2018 20:51:52",4826
"chrome","07/01/2018 20:53:39",662
"chrome","07/01/2018 21:01:27",835
"ie","07/01/2018 21:02:38",4744
"chrome","07/01/2018 21:11:19",776
"ie","07/01/2018 21:12:23",4883
"chrome","07/01/2018 21:20:51",632
"ie","07/01/2018 21:22:02",5430
"ie","07/01/2018 21:30:21",5219
"chrome","07/01/2018 21:32:04",696
"chrome","07/01/2018 21:39:50",648
"ie","07/01/2018 21:41:33",4843
"ie","07/01/2018 21:49:47",4881
"chrome","07/01/2018 21:51:32",883
"chrome","07/01/2018 21:59:18",736
"ie","07/01/2018 22:00:33",5531
"ie","07/01/2018 22:08:49",5201
"chrome","07/01/2018 22:10:33",838
"ie","07/01/2018 22:19:20",4938
"chrome","07/01/2018 22:21:11",679
"ie","07/01/2018 22:28:56",5444
"chrome","07/01/2018 22:31:04",703
"chrome","07/01/2018 22:38:54",620
"ie","07/01/2018 22:40:05",4716
"chrome","07/01/2018 22:48:21",857
"ie","07/01/2018 22:50:08",4397
"chrome","07/01/2018 22:58:34",747
"ie","07/01/2018 22:59:45",4683
"chrome","07/01/2018 23:08:32",654
"ie","07/01/2018 23:09:45",5197
"chrome","07/01/2018 23:18:03",839
"ie","07/01/2018 23:19:14",5266
"chrome","07/01/2018 23:28:05",721
"ie","07/01/2018 23:29:17",5097
"ie","07/01/2018 23:37:36",5002
"chrome","07/01/2018 23:39:29",608
"chrome","07/01/2018 23:47:19",749
"ie","07/01/2018 23:48:29",5704
"ie","07/01/2018 23:56:44",4769
"chrome","07/01/2018 23:58:49",676
"ie","07/02/2018 00:06:34",4693
"chrome","07/02/2018 00:08:30",950
"chrome","07/02/2018 00:16:40",639
"ie","07/02/2018 00:17:51",5260
"ie","07/02/2018 00:26:05",5073
"chrome","07/02/2018 00:27:48",593
"chrome","07/02/2018 00:35:47",689
"ie","07/02/2018 00:36:51",5090
"chrome","07/02/2018 00:45:21",811
"ie","07/02/2018 00:46:52",5133
"ie","07/02/2018 00:55:12",4899
"chrome","07/02/2018 00:56:54",612
"chrome","07/02/2018 01:04:40",769
"ie","07/02/2018 01:06:05",4455
"ie","07/02/2018 01:14:20",4800
"chrome","07/02/2018 01:16:17",832
"ie","07/02/2018 01:24:21",5145
"chrome","07/02/2018 01:26:06",657
"chrome","07/02/2018 01:34:03",772
"ie","07/02/2018 01:35:14",5286
"chrome","07/02/2018 01:43:41",720
"ie","07/02/2018 01:44:47",5322
"chrome","07/02/2018 01:53:21",811
"ie","07/02/2018 01:54:52",5082
"chrome","07/02/2018 02:03:10",650
"ie","07/02/2018 02:07:12",4485
"chrome","07/02/2018 02:15:27",593
"ie","07/02/2018 02:16:33",5189
"chrome","07/02/2018 02:25:01",825
"ie","07/02/2018 02:26:32",5395
"chrome","07/02/2018 02:34:49",647
"ie","07/02/2018 02:35:54",5109
"chrome","07/02/2018 02:44:08",588
"ie","07/02/2018 02:45:30",6125
"ie","07/02/2018 02:55:13",5193
"ie","07/02/2018 03:03:53",5061
"chrome","07/02/2018 03:05:47",833
"ie","07/02/2018 03:13:31",5578
"chrome","07/02/2018 03:15:14",808
"ie","07/02/2018 03:23:11",4650
"chrome","07/02/2018 03:24:54",839
"ie","07/02/2018 03:32:41",5051
"chrome","07/02/2018 03:34:54",871
"ie","07/02/2018 03:42:49",5247
"chrome","07/02/2018 03:44:32",803
"ie","07/02/2018 03:52:17",5424
"chrome","07/02/2018 03:54:11",638
"chrome","07/02/2018 04:02:00",807
"ie","07/02/2018 04:03:12",4891
"chrome","07/02/2018 04:11:47",641
"ie","07/02/2018 04:13:02",5903
"ie","07/02/2018 04:21:18",4829
"chrome","07/02/2018 04:23:01",691
"chrome","07/02/2018 04:30:58",771
"ie","07/02/2018 04:32:10",4797
"chrome","07/02/2018 04:40:38",625
"ie","07/02/2018 04:41:53",5060
"chrome","07/02/2018 04:50:16",612
"ie","07/02/2018 04:51:26",5359
"ie","07/02/2018 04:59:41",5106
"chrome","07/02/2018 05:01:31",742
"chrome","07/02/2018 05:09:19",830
"ie","07/02/2018 05:10:29",6004
"chrome","07/02/2018 05:19:12",736
"ie","07/02/2018 05:20:27",5642
"chrome","07/02/2018 05:28:44",701
"ie","07/02/2018 05:29:54",4550
"ie","07/02/2018 05:38:15",5315
"chrome","07/02/2018 05:39:59",668
"chrome","07/02/2018 05:47:46",611
"ie","07/02/2018 05:49:02",5517
"ie","07/02/2018 05:57:21",5225
"chrome","07/02/2018 05:59:04",677
"chrome","07/02/2018 06:06:50",635
"ie","07/02/2018 06:08:11",5185
"ie","07/02/2018 06:16:30",6180
"chrome","07/02/2018 06:18:14",706
"chrome","07/02/2018 06:26:07",629
"ie","07/02/2018 06:27:21",5196
"chrome","07/02/2018 06:35:38",625
"ie","07/02/2018 06:36:50",4790
"chrome","07/02/2018 06:45:08",593
"ie","07/02/2018 06:46:29",6003
"chrome","07/02/2018 06:54:45",710
"ie","07/02/2018 06:56:10",4912
"chrome","07/02/2018 07:04:32",777
"ie","07/02/2018 07:05:44",5228
"chrome","07/02/2018 07:14:03",780
"ie","07/02/2018 07:15:14",5255
"ie","07/02/2018 07:23:37",5051
"chrome","07/02/2018 07:25:31",674
"ie","07/02/2018 07:33:31",5897
"chrome","07/02/2018 07:35:20",746
"chrome","07/02/2018 07:43:06",830
"ie","07/02/2018 07:44:18",5062
"ie","07/02/2018 07:52:34",4666
"chrome","07/02/2018 07:54:23",680
"ie","07/02/2018 08:02:08",4950
"chrome","07/02/2018 08:04:07",742
"ie","07/02/2018 08:11:53",5074
"chrome","07/02/2018 08:13:34",763
"chrome","07/02/2018 08:21:25",691
"ie","07/02/2018 08:22:35",4861
"ie","07/02/2018 08:30:51",5281
"chrome","07/02/2018 08:32:41",580
"ie","07/02/2018 08:40:26",5261
"chrome","07/02/2018 08:42:23",679
"chrome","07/02/2018 08:50:06",803
"ie","07/02/2018 08:51:19",4739
"chrome","07/02/2018 08:59:35",701
"ie","07/02/2018 09:00:40",4852
"ie","07/02/2018 09:08:55",5119
"chrome","07/02/2018 09:10:47",735
"chrome","07/02/2018 09:18:33",732
"ie","07/02/2018 09:19:56",5004
"ie","07/02/2018 09:28:14",5022
"chrome","07/02/2018 09:29:56",794
"ie","07/02/2018 09:37:35",4916
"chrome","07/02/2018 09:39:17",788
"ie","07/02/2018 09:47:14",5265
"chrome","07/02/2018 09:49:02",616
"chrome","07/02/2018 09:57:01",701
"ie","07/02/2018 09:58:11",4307
"chrome","07/02/2018 10:06:37",612
"ie","07/02/2018 10:07:43",4957
"chrome","07/02/2018 10:15:59",595
"ie","07/02/2018 10:17:21",5102
"ie","07/02/2018 10:25:37",5238
"chrome","07/02/2018 10:27:37",592
"chrome","07/02/2018 10:35:24",605
"ie","07/02/2018 10:36:34",4848
"ie","07/02/2018 10:44:50",5096
"chrome","07/02/2018 10:46:33",702
"ie","07/02/2018 10:54:29",6080
"chrome","07/02/2018 10:56:13",816
"chrome","07/02/2018 11:04:01",670
"ie","07/02/2018 11:05:24",4690
"ie","07/02/2018 11:13:40",4841
"chrome","07/02/2018 11:15:23",812
"ie","07/02/2018 11:23:03",5273
"chrome","07/02/2018 11:24:55",799
"chrome","07/02/2018 11:32:42",816
"ie","07/02/2018 11:33:56",5211
"chrome","07/02/2018 11:42:27",905
"ie","07/02/2018 11:43:38",4779
"chrome","07/02/2018 11:51:57",926
"ie","07/02/2018 11:53:09",4810
"chrome","07/02/2018 12:01:26",653
"ie","07/02/2018 12:02:47",5412
"chrome","07/02/2018 12:11:11",682
"ie","07/02/2018 12:12:16",4943
"ie","07/02/2018 12:20:31",5896
"chrome","07/02/2018 12:22:11",575
"ie","07/02/2018 12:29:56",5448
"chrome","07/02/2018 12:31:40",789
"ie","07/02/2018 12:39:45",5273
"chrome","07/02/2018 12:41:40",582
"chrome","07/02/2018 12:49:22",616
"ie","07/02/2018 12:50:34",5164
"ie","07/02/2018 12:58:47",5071
"chrome","07/02/2018 13:00:31",825
"ie","07/02/2018 13:08:19",5211
"chrome","07/02/2018 13:10:08",599
"chrome","07/02/2018 13:17:54",597
"ie","07/02/2018 13:19:07",4331
"chrome","07/02/2018 13:27:23",729
"ie","07/02/2018 13:28:28",5609
"ie","07/02/2018 13:36:44",5214
"chrome","07/02/2018 13:38:44",599
"ie","07/02/2018 13:46:41",5007
"chrome","07/02/2018 13:48:23",747
"ie","07/02/2018 13:56:20",5159
"chrome","07/02/2018 13:58:02",1050
"ie","07/02/2018 14:05:48",5045
"chrome","07/02/2018 14:07:31",705
"chrome","07/02/2018 14:15:18",955
"ie","07/02/2018 14:16:35",4777
"ie","07/02/2018 14:24:49",4628
"chrome","07/02/2018 14:26:54",700
"chrome","07/02/2018 14:34:42",610
"ie","07/02/2018 14:35:47",4784
"chrome","07/02/2018 14:44:05",681
"ie","07/02/2018 14:45:14",5171
"ie","07/02/2018 14:53:31",5689
"chrome","07/02/2018 14:55:22",617
"ie","07/02/2018 15:03:06",4996
"chrome","07/02/2018 15:05:18",593
"chrome","07/02/2018 15:13:06",616
"ie","07/02/2018 15:14:18",5629
"chrome","07/02/2018 15:22:35",691
"ie","07/02/2018 15:23:42",4826
"chrome","07/02/2018 15:32:00",710
"ie","07/02/2018 15:33:21",4944
"ie","07/02/2018 15:41:49",4810
"chrome","07/02/2018 15:43:46",586
"ie","07/02/2018 15:51:29",5709
"chrome","07/02/2018 15:53:13",678
"ie","07/02/2018 16:00:52",5257
"chrome","07/02/2018 16:02:34",844
"chrome","07/02/2018 16:10:32",832
"ie","07/02/2018 16:11:46",5348
"chrome","07/02/2018 16:20:06",797
"ie","07/02/2018 16:21:32",5467
"chrome","07/02/2018 16:29:50",596
"ie","07/02/2018 16:30:58",5448
"chrome","07/02/2018 16:39:16",798
"ie","07/02/2018 16:40:38",4311
"ie","07/02/2018 16:48:54",4784
"chrome","07/02/2018 16:50:34",722
"ie","07/02/2018 16:58:32",5213
"chrome","07/02/2018 17:00:16",686
"chrome","07/02/2018 17:07:58",598
"ie","07/02/2018 17:09:02",5229
"ie","07/02/2018 17:17:15",4898
"chrome","07/02/2018 17:19:11",739
"ie","07/02/2018 17:26:56",5614
"chrome","07/02/2018 17:28:51",581
"ie","07/02/2018 17:36:36",4907
"chrome","07/02/2018 17:38:20",727
"ie","07/02/2018 17:46:05",4317
"chrome","07/02/2018 17:47:46",788
"chrome","07/02/2018 17:55:55",821
"ie","07/02/2018 17:57:06",4672
"chrome","07/02/2018 18:05:23",733
"ie","07/02/2018 18:06:47",4994
"ie","07/02/2018 18:15:11",5037
"chrome","07/02/2018 18:16:53",757
"ie","07/02/2018 18:24:33",5031
"chrome","07/02/2018 18:26:35",626
"ie","07/02/2018 18:34:22",4913
"chrome","07/02/2018 18:36:03",690
"chrome","07/02/2018 18:44:05",789
"ie","07/02/2018 18:45:17",5223
"chrome","07/02/2018 18:53:35",801
"ie","07/02/2018 18:54:40",4658
"chrome","07/02/2018 19:02:57",748
"ie","07/02/2018 19:04:32",5229
"chrome","07/02/2018 19:12:47",841
"ie","07/02/2018 19:13:53",4987
"ie","07/02/2018 19:22:07",4907
"chrome","07/02/2018 19:23:48",679
"chrome","07/02/2018 19:31:35",825
"ie","07/02/2018 19:32:47",5127
"chrome","07/02/2018 19:40:58",799
"ie","07/02/2018 19:42:41",4943
"chrome","07/02/2018 19:51:14",612
"ie","07/02/2018 19:52:30",5980
"ie","07/02/2018 20:00:46",4674
"chrome","07/02/2018 20:02:29",749
"ie","07/02/2018 20:10:13",4772
"chrome","07/02/2018 20:11:57",738
"chrome","07/02/2018 20:20:15",645
"ie","07/02/2018 20:21:19",5524
"ie","07/02/2018 20:29:36",4832
"chrome","07/02/2018 20:31:16",854
"chrome","07/02/2018 20:39:03",683
"ie","07/02/2018 20:40:13",5086
"ie","07/02/2018 20:48:31",6062
"chrome","07/02/2018 20:50:37",681
"chrome","07/02/2018 20:58:19",639
"ie","07/02/2018 20:59:34",5220
"chrome","07/02/2018 21:07:50",598
"ie","07/02/2018 21:09:01",5528
"chrome","07/02/2018 21:17:17",719
"ie","07/02/2018 21:18:27",5076
"chrome","07/02/2018 21:26:41",612
"ie","07/02/2018 21:28:07",4925
"chrome","07/02/2018 21:36:24",665
"ie","07/02/2018 21:37:36",5125
"chrome","07/02/2018 21:45:54",611
"ie","07/02/2018 21:47:13",5139
"chrome","07/02/2018 21:55:31",782
"ie","07/02/2018 21:56:41",5012
"ie","07/02/2018 22:05:11",4994
"chrome","07/02/2018 22:07:12",844
"chrome","07/02/2018 22:15:01",677
"ie","07/02/2018 22:16:11",4321
"chrome","07/02/2018 22:24:37",751
"ie","07/02/2018 22:25:47",5138
"ie","07/02/2018 22:34:02",5445
"chrome","07/02/2018 22:35:59",793
"chrome","07/02/2018 22:44:01",745
"ie","07/02/2018 22:45:14",5451
"chrome","07/02/2018 22:53:33",685
"ie","07/02/2018 22:54:37",4871
"ie","07/02/2018 23:02:52",5187
"chrome","07/02/2018 23:04:36",615
"ie","07/02/2018 23:12:52",5243
"chrome","07/02/2018 23:15:07",724
"ie","07/02/2018 23:22:56",5905
"chrome","07/02/2018 23:24:50",657
"ie","07/02/2018 23:32:34",4689
"chrome","07/02/2018 23:34:15",606
"chrome","07/02/2018 23:42:01",714
"ie","07/02/2018 23:43:17",5292
"ie","07/02/2018 23:52:03",5111
"chrome","07/02/2018 23:53:45",597
"ie","07/03/2018 00:01:34",5301
"chrome","07/03/2018 00:03:31",687
"chrome","07/03/2018 00:11:17",754
"ie","07/03/2018 00:12:27",5073
"chrome","07/03/2018 00:20:48",664
"ie","07/03/2018 00:22:20",5205
"ie","07/03/2018 00:30:34",4909
"chrome","07/03/2018 00:32:26",853
"chrome","07/03/2018 00:40:07",769
"ie","07/03/2018 00:41:18",4836
"ie","07/03/2018 00:49:33",5496
"chrome","07/03/2018 00:51:19",714
"ie","07/03/2018 00:59:19",5506
"chrome","07/03/2018 01:01:03",694
"chrome","07/03/2018 01:09:02",696
"ie","07/03/2018 01:10:07",5127
"ie","07/03/2018 01:18:21",4997
"chrome","07/03/2018 01:20:02",690
"chrome","07/03/2018 01:27:50",614
"ie","07/03/2018 01:29:25",4820
"chrome","07/03/2018 01:37:41",788
"ie","07/03/2018 01:38:53",4587
"chrome","07/03/2018 01:47:04",814
"ie","07/03/2018 01:48:32",5478
"chrome","07/03/2018 01:56:47",668
"ie","07/03/2018 01:57:57",5053
"chrome","07/03/2018 02:06:19",680
"ie","07/03/2018 02:08:00",5967
"chrome","07/03/2018 02:16:17",651
"ie","07/03/2018 02:17:21",5130
"ie","07/03/2018 02:25:46",5173
"chrome","07/03/2018 02:27:28",923
"chrome","07/03/2018 02:35:14",890
"ie","07/03/2018 02:36:29",5832
"chrome","07/03/2018 02:44:57",585
"ie","07/03/2018 02:46:14",4229
"ie","07/03/2018 02:54:30",6042
"chrome","07/03/2018 02:56:27",676
"ie","07/03/2018 03:04:12",5248
"chrome","07/03/2018 03:05:55",583
"ie","07/03/2018 03:13:50",5281
"chrome","07/03/2018 03:15:49",631
"chrome","07/03/2018 03:24:00",880
"ie","07/03/2018 03:25:10",5028
"chrome","07/03/2018 03:33:39",787
"ie","07/03/2018 03:34:50",4949
"chrome","07/03/2018 03:43:06",631
"ie","07/03/2018 03:44:20",5259
"chrome","07/03/2018 03:52:52",619
"ie","07/03/2018 03:54:09",4485
"chrome","07/03/2018 04:02:24",610
"ie","07/03/2018 04:04:04",4733
"chrome","07/03/2018 04:12:20",701
"ie","07/03/2018 04:13:46",5316
"chrome","07/03/2018 04:22:16",590
"ie","07/03/2018 04:23:31",5618
"chrome","07/03/2018 04:31:59",615
"ie","07/03/2018 04:33:08",5131
"chrome","07/03/2018 04:41:41",767
"ie","07/03/2018 04:42:52",4729
"ie","07/03/2018 04:51:05",4822
"chrome","07/03/2018 04:53:03",666
"ie","07/03/2018 05:00:48",4779
"chrome","07/03/2018 05:02:37",899
"ie","07/03/2018 05:10:23",4886
"chrome","07/03/2018 05:12:20",622
"ie","07/03/2018 05:20:04",4980
"chrome","07/03/2018 05:21:47",726
"chrome","07/03/2018 05:29:44",1081
"ie","07/03/2018 05:30:56",5563
"ie","07/03/2018 05:39:13",4968
"chrome","07/03/2018 05:41:02",682
"ie","07/03/2018 05:48:59",6336
"chrome","07/03/2018 05:50:41",604
"ie","07/03/2018 05:58:25",5348
"chrome","07/03/2018 06:00:12",667
"chrome","07/03/2018 06:08:04",696
"ie","07/03/2018 06:09:15",4714
"chrome","07/03/2018 06:17:35",813
"ie","07/03/2018 06:19:12",4923
"chrome","07/03/2018 06:27:28",678
"ie","07/03/2018 06:28:48",5077
"chrome","07/03/2018 06:37:10",669
"ie","07/03/2018 06:38:20",5411
"chrome","07/03/2018 06:46:37",738
"ie","07/03/2018 06:47:48",4921
"ie","07/03/2018 06:56:23",4760
"chrome","07/03/2018 06:58:03",793
"ie","07/03/2018 07:05:57",5471
"chrome","07/03/2018 07:07:43",767
"ie","07/03/2018 07:15:28",5092
"chrome","07/03/2018 07:17:11",581
"chrome","07/03/2018 07:24:58",635
"ie","07/03/2018 07:26:35",4629
"chrome","07/03/2018 07:34:49",734
"ie","07/03/2018 07:35:53",5200
"chrome","07/03/2018 07:44:10",692
"ie","07/03/2018 07:45:26",5118
"ie","07/03/2018 07:53:40",4899
"chrome","07/03/2018 07:55:21",613
"chrome","07/03/2018 08:03:35",704
"ie","07/03/2018 08:04:46",4926
"chrome","07/03/2018 08:13:04",704
"ie","07/03/2018 08:14:08",5053
"ie","07/03/2018 08:22:29",5630
"chrome","07/03/2018 08:24:11",695
"ie","07/03/2018 08:31:57",5220
"chrome","07/03/2018 08:34:02",855
"ie","07/03/2018 08:41:42",5046
"chrome","07/03/2018 08:43:25",652
"ie","07/03/2018 08:51:08",4769
"chrome","07/03/2018 08:53:01",635
"ie","07/03/2018 09:00:45",5338
"chrome","07/03/2018 09:02:29",869
"chrome","07/03/2018 09:10:22",1121
"ie","07/03/2018 09:11:28",5566
"chrome","07/03/2018 09:19:43",884
"ie","07/03/2018 09:20:55",5171
"ie","07/03/2018 09:29:09",4483
"chrome","07/03/2018 09:31:03",712
"chrome","07/03/2018 09:38:50",595
"ie","07/03/2018 09:40:07",5222
"chrome","07/03/2018 09:48:22",659
"ie","07/03/2018 09:49:28",5849
"chrome","07/03/2018 09:57:44",844
"ie","07/03/2018 09:58:49",5053
"ie","07/03/2018 10:07:03",4975
"chrome","07/03/2018 10:08:53",690
"ie","07/03/2018 10:16:37",4677
"chrome","07/03/2018 10:18:24",697
"chrome","07/03/2018 10:26:06",1019
"ie","07/03/2018 10:27:12",5209
"ie","07/03/2018 10:35:21",4710
"chrome","07/03/2018 10:37:03",847
"chrome","07/03/2018 10:44:49",680
"ie","07/03/2018 10:46:07",4556
"chrome","07/03/2018 10:54:23",609
"ie","07/03/2018 10:55:44",5442
"chrome","07/03/2018 11:04:11",794
"ie","07/03/2018 11:05:16",4967
"chrome","07/03/2018 11:13:31",724
"ie","07/03/2018 11:14:35",4666
"ie","07/03/2018 11:23:12",4958
"chrome","07/03/2018 11:25:07",646
"chrome","07/03/2018 11:33:17",781
"ie","07/03/2018 11:34:26",5264
"chrome","07/03/2018 11:42:54",661
"ie","07/03/2018 11:43:59",5569
"chrome","07/03/2018 11:52:16",632
"ie","07/03/2018 11:53:31",5592
"ie","07/03/2018 12:01:46",5101
"chrome","07/03/2018 12:03:34",860
"ie","07/03/2018 12:11:18",5047
"chrome","07/03/2018 12:13:16",643
"chrome","07/03/2018 12:20:58",638
"ie","07/03/2018 12:22:03",5284
"ie","07/03/2018 12:30:28",5787
"chrome","07/03/2018 12:32:15",621
"ie","07/03/2018 12:40:11",5521
"chrome","07/03/2018 12:41:55",686
"ie","07/03/2018 12:49:45",416
"chrome","07/03/2018 12:51:34",654
"ie","07/03/2018 12:59:17",5101
"chrome","07/03/2018 13:01:07",709
"chrome","07/03/2018 13:08:54",679
"ie","07/03/2018 13:10:11",5296
"ie","07/03/2018 13:18:27",5492
"chrome","07/03/2018 13:20:08",829
"ie","07/03/2018 13:27:51",5133
"chrome","07/03/2018 13:29:44",605
"chrome","07/03/2018 13:40:47",697
"ie","07/03/2018 13:43:57",5350
"ie","07/03/2018 13:53:46",4714
"chrome","07/03/2018 13:57:02",687
"ie","07/03/2018 14:06:46",4867
"chrome","07/03/2018 14:10:02",891
"chrome","07/03/2018 14:19:48",619
"ie","07/03/2018 14:22:58",5422
"chrome","07/03/2018 14:32:49",787
"ie","07/03/2018 14:35:59",6292
"ie","07/03/2018 14:45:49",5089
"chrome","07/03/2018 14:49:05",895
"ie","07/03/2018 14:58:49",4910
"chrome","07/03/2018 15:02:05",750
"ie","07/03/2018 15:11:49",4764
"chrome","07/03/2018 15:15:05",623
"chrome","07/03/2018 15:24:51",584
"ie","07/03/2018 15:28:00",6075
"ie","07/03/2018 15:36:52",5074
"chrome","07/03/2018 15:38:39",613
"ie","07/03/2018 15:46:21",5217
"chrome","07/03/2018 15:48:03",697
"ie","07/03/2018 15:55:45",5119
"chrome","07/03/2018 15:57:26",878
"ie","07/03/2018 16:05:06",4648
"chrome","07/03/2018 16:07:26",714
"chrome","07/03/2018 16:15:13",796
"ie","07/03/2018 16:16:23",4979
"ie","07/03/2018 16:24:35",5542
"chrome","07/03/2018 16:26:19",780
"chrome","07/03/2018 16:34:07",865
"ie","07/03/2018 16:35:17",5367
"chrome","07/03/2018 16:43:34",803
"ie","07/03/2018 16:45:22",5491
"ie","07/03/2018 16:53:38",5182
"chrome","07/03/2018 16:55:22",792
"ie","07/03/2018 17:03:03",5217
"chrome","07/03/2018 17:04:45",728
"chrome","07/03/2018 17:12:31",855
"ie","07/03/2018 17:13:41",4881
"chrome","07/03/2018 17:22:09",624
"ie","07/03/2018 17:23:54",5085
"chrome","07/03/2018 17:32:09",647
"ie","07/03/2018 17:33:18",5059
"ie","07/03/2018 17:41:31",5677
"chrome","07/03/2018 17:43:13",691
"chrome","07/03/2018 17:50:58",599
"ie","07/03/2018 17:52:16",4954
"chrome","07/03/2018 18:00:33",836
"ie","07/03/2018 18:01:56",5304
"ie","07/03/2018 18:10:17",4964
"chrome","07/03/2018 18:11:58",631
"chrome","07/03/2018 18:19:42",691
"ie","07/03/2018 18:20:52",4721
"chrome","07/03/2018 18:29:14",788
"ie","07/03/2018 18:30:26",5409
"ie","07/03/2018 18:38:41",4795
"chrome","07/03/2018 18:41:09",680
"ie","07/03/2018 18:48:52",5063
"chrome","07/03/2018 18:50:31",660
"chrome","07/03/2018 18:58:27",589
"ie","07/03/2018 18:59:42",5081
"chrome","07/03/2018 19:08:23",619
"ie","07/03/2018 19:09:28",5934
"ie","07/03/2018 19:18:15",5090
"chrome","07/03/2018 19:19:57",694
"chrome","07/03/2018 19:27:37",823
"ie","07/03/2018 19:28:42",4441
"chrome","07/03/2018 19:37:24",739
"ie","07/03/2018 19:38:40",4586
"chrome","07/03/2018 19:46:56",728
"ie","07/03/2018 19:48:24",5340
"ie","07/03/2018 19:56:36",4946
"chrome","07/03/2018 19:58:17",989
"chrome","07/03/2018 20:06:02",875
"ie","07/03/2018 20:07:15",4977
"ie","07/03/2018 20:15:37",5266
"chrome","07/03/2018 20:17:21",696
"chrome","07/03/2018 20:25:37",626
"ie","07/03/2018 20:26:41",5006
"ie","07/03/2018 20:34:57",4711
"chrome","07/03/2018 20:36:36",594
"ie","07/03/2018 20:44:31",5575
"chrome","07/03/2018 20:46:11",756
"ie","07/03/2018 20:53:56",5825
"chrome","07/03/2018 20:55:58",629
"ie","07/03/2018 21:03:43",5108
"chrome","07/03/2018 21:05:25",601
"ie","07/03/2018 21:13:11",4994
"chrome","07/03/2018 21:15:01",662
"chrome","07/03/2018 21:22:46",780
"ie","07/03/2018 21:24:10",4906
"chrome","07/03/2018 21:32:27",631
"ie","07/03/2018 21:33:31",5757
"chrome","07/03/2018 21:41:46",686
"ie","07/03/2018 21:42:55",4738
"chrome","07/03/2018 21:51:18",814
"ie","07/03/2018 21:52:41",4535
"chrome","07/03/2018 22:00:55",587
"ie","07/03/2018 22:02:27",5645
"chrome","07/03/2018 22:10:55",635
"ie","07/03/2018 22:12:05",4619
"ie","07/03/2018 22:20:18",5054
"chrome","07/03/2018 22:22:02",2273
"chrome","07/03/2018 22:29:57",616
"ie","07/03/2018 22:31:07",4825
"ie","07/03/2018 22:39:22",5127
"chrome","07/03/2018 22:41:36",572
"ie","07/03/2018 22:49:21",4776
"chrome","07/03/2018 22:51:12",710
"ie","07/03/2018 22:58:50",4881
"chrome","07/03/2018 23:00:37",911
"ie","07/03/2018 23:08:22",5272
"chrome","07/03/2018 23:10:03",752
"chrome","07/03/2018 23:18:26",703
"ie","07/03/2018 23:19:37",4973
"ie","07/03/2018 23:28:00",5764
"chrome","07/03/2018 23:29:41",700
"chrome","07/03/2018 23:37:37",590
"ie","07/03/2018 23:38:46",5169
"chrome","07/03/2018 23:47:04",856
"ie","07/03/2018 23:48:51",5025
"chrome","07/03/2018 23:57:17",624
"ie","07/03/2018 23:58:27",5056
"chrome","07/04/2018 00:06:44",604
"ie","07/04/2018 00:07:58",5426
"chrome","07/04/2018 00:16:15",613
"ie","07/04/2018 00:17:29",5874
"chrome","07/04/2018 00:26:10",675
"ie","07/04/2018 00:27:31",5731
"chrome","07/04/2018 00:35:47",642
"ie","07/04/2018 00:36:57",5502
"ie","07/04/2018 00:45:28",5983
"chrome","07/04/2018 00:47:10",707
"chrome","07/04/2018 00:54:57",608
"ie","07/04/2018 00:56:30",6447
"chrome","07/04/2018 01:04:58",591
"ie","07/04/2018 01:06:10",4224
"chrome","07/04/2018 01:14:25",851
"ie","07/04/2018 01:15:40",4555
"ie","07/04/2018 01:23:53",4767
"chrome","07/04/2018 01:25:36",620
"ie","07/04/2018 01:33:33",5314
"chrome","07/04/2018 01:35:15",785
"chrome","07/04/2018 01:43:02",705
"ie","07/04/2018 01:44:11",4746
"ie","07/04/2018 01:52:31",5829
"chrome","07/04/2018 01:54:29",693
"chrome","07/04/2018 02:02:17",663
"ie","07/04/2018 02:03:52",5010
"ie","07/04/2018 02:12:05",4313
"chrome","07/04/2018 02:13:46",893
"ie","07/04/2018 02:21:30",6199
"chrome","07/04/2018 02:23:18",731
"ie","07/04/2018 02:31:17",4865
"chrome","07/04/2018 02:33:01",893
"ie","07/04/2018 02:41:10",4830
"chrome","07/04/2018 02:42:53",598
"ie","07/04/2018 02:50:37",4736
"chrome","07/04/2018 02:52:19",684
"ie","07/04/2018 03:00:07",5266
"chrome","07/04/2018 03:02:04",627
"chrome","07/04/2018 03:09:54",626
"ie","07/04/2018 03:11:32",5693
"ie","07/04/2018 03:19:49",4773
"chrome","07/04/2018 03:21:32",768
"chrome","07/04/2018 03:29:18",781
"ie","07/04/2018 03:30:51",4935
"chrome","07/04/2018 03:39:31",788
"ie","07/04/2018 03:41:10",4636
"chrome","07/04/2018 03:49:44",675
"ie","07/04/2018 03:50:54",4851
"ie","07/04/2018 03:59:08",5218
"chrome","07/04/2018 04:00:56",610
"chrome","07/04/2018 04:08:44",658
"ie","07/04/2018 04:10:10",5040
"chrome","07/04/2018 04:18:45",610
"ie","07/04/2018 04:20:29",5489
"chrome","07/04/2018 04:28:47",664
"ie","07/04/2018 04:29:57",5473
"chrome","07/04/2018 04:38:22",588
"ie","07/04/2018 04:39:32",5396
"chrome","07/04/2018 04:48:28",751
"ie","07/04/2018 04:49:46",5301
"ie","07/04/2018 04:58:49",5256
"chrome","07/04/2018 05:00:35",648
"ie","07/04/2018 05:08:16",5432
"chrome","07/04/2018 05:10:02",688
"ie","07/04/2018 05:18:41",5396
"chrome","07/04/2018 05:20:38",818
"chrome","07/04/2018 05:28:39",644
"ie","07/04/2018 05:29:49",4791
"chrome","07/04/2018 05:38:07",635
"ie","07/04/2018 05:39:14",5161
"chrome","07/04/2018 05:47:49",736
"ie","07/04/2018 05:49:27",5418
"chrome","07/04/2018 05:58:03",688
"ie","07/04/2018 05:59:38",5129
"ie","07/04/2018 06:07:52",5131
"chrome","07/04/2018 06:09:41",973
"chrome","07/04/2018 06:17:29",708
"ie","07/04/2018 06:18:57",5434
"ie","07/04/2018 06:27:32",5745
"chrome","07/04/2018 06:29:34",800
"ie","07/04/2018 06:37:46",5130
"chrome","07/04/2018 06:39:32",882
"ie","07/04/2018 06:47:27",5829
"chrome","07/04/2018 06:49:25",846
"ie","07/04/2018 06:57:44",5159
"chrome","07/04/2018 06:59:39",889
"ie","07/04/2018 07:07:51",6031
"chrome","07/04/2018 07:09:52",675
"ie","07/04/2018 07:20:21",5041
"chrome","07/04/2018 07:22:36",612
"chrome","07/04/2018 07:30:18",808
"ie","07/04/2018 07:31:49",5264
"chrome","07/04/2018 07:40:08",778
"ie","07/04/2018 07:41:14",4593
"chrome","07/04/2018 07:49:29",795
"ie","07/04/2018 07:50:40",4630
"ie","07/04/2018 07:59:29",5890
"chrome","07/04/2018 08:01:13",594
"chrome","07/04/2018 08:09:34",736
"ie","07/04/2018 08:10:40",4948
"ie","07/04/2018 08:18:57",5502
"chrome","07/04/2018 08:27:38",672
"ie","07/04/2018 08:35:41",5531
"chrome","07/04/2018 08:37:44",939
"ie","07/04/2018 08:45:27",5062
"chrome","07/04/2018 08:47:18",598
"chrome","07/04/2018 08:55:00",638
"ie","07/04/2018 08:56:06",75738
"ie","07/04/2018 09:06:41",5059
"chrome","07/04/2018 09:09:05",733
"chrome","07/04/2018 09:17:06",120627
"ie","07/04/2018 09:21:15",5569
"chrome","07/04/2018 09:30:07",719
"ie","07/04/2018 09:31:47",5208
"ie","07/04/2018 09:40:22",5239
"chrome","07/04/2018 09:42:37",649
"chrome","07/04/2018 09:50:23",763
"ie","07/04/2018 09:51:33",120191
"ie","07/04/2018 10:02:16",5099
"chrome","07/04/2018 10:04:33",1208
"chrome","07/04/2018 10:12:19",683
"ie","07/04/2018 10:14:28",120232
"ie","07/04/2018 10:25:10",4988
"chrome","07/04/2018 10:26:52",662
"chrome","07/04/2018 10:34:38",840
"ie","07/04/2018 10:35:59",6146
"ie","07/04/2018 10:44:13",5201
"chrome","07/04/2018 10:46:29",52364
"ie","07/04/2018 10:55:21",4603
"chrome","07/04/2018 10:57:01",850
"ie","07/04/2018 11:04:45",5026
"chrome","07/04/2018 11:06:48",787
"ie","07/04/2018 11:14:32",5368
"chrome","07/04/2018 11:16:49",120124
"chrome","07/04/2018 11:29:25",704
"ie","07/04/2018 11:30:39",4880
"chrome","07/04/2018 11:39:01",863
"ie","07/04/2018 11:41:56",5331
"ie","07/04/2018 11:50:39",46057
"chrome","07/04/2018 11:53:32",814
"chrome","07/04/2018 12:01:19",120637
"ie","07/04/2018 12:07:33",4876
"ie","07/04/2018 12:16:02",5196
"chrome","07/04/2018 12:18:01",773
"ie","07/04/2018 12:25:45",5278
"chrome","07/04/2018 12:27:45",797
"ie","07/04/2018 12:35:25",5024
"chrome","07/04/2018 12:37:06",737
"ie","07/04/2018 12:44:51",5194
"chrome","07/04/2018 12:46:34",666
"chrome","07/04/2018 12:54:20",686
"ie","07/04/2018 12:55:33",5870
"chrome","07/04/2018 13:03:51",598
"ie","07/04/2018 13:05:15",5430
"chrome","07/04/2018 13:13:30",678
"ie","07/04/2018 13:14:35",4430
"ie","07/04/2018 13:22:49",4807
"chrome","07/04/2018 13:24:31",762
"chrome","07/04/2018 13:32:21",615
"ie","07/04/2018 13:33:31",6089
"ie","07/04/2018 13:41:44",5461
"chrome","07/04/2018 13:43:39",605
"chrome","07/04/2018 13:51:19",838
"ie","07/04/2018 13:52:26",5246
"ie","07/04/2018 14:00:40",4876
"chrome","07/04/2018 14:02:31",681
"chrome","07/04/2018 14:10:17",6509
"ie","07/04/2018 14:11:46",5301
"ie","07/04/2018 14:20:03",4867
"chrome","07/04/2018 14:22:36",768
"chrome","07/04/2018 14:30:23",783
"ie","07/04/2018 14:31:29",5854
"chrome","07/04/2018 14:39:52",655
"ie","07/04/2018 14:40:58",5706
"chrome","07/04/2018 14:49:25",790
"ie","07/04/2018 14:50:31",6570
"ie","07/04/2018 14:58:46",5092
"chrome","07/04/2018 15:00:50",826
"ie","07/04/2018 15:08:34",5304
"chrome","07/04/2018 15:10:21",683
"ie","07/04/2018 15:18:04",5095
"chrome","07/04/2018 15:20:02",672
"chrome","07/04/2018 15:27:43",937
"ie","07/04/2018 15:28:48",4844
"ie","07/04/2018 15:37:02",5133
"chrome","07/04/2018 15:39:00",867
"ie","07/04/2018 15:46:49",4986
"chrome","07/04/2018 15:48:36",691
"ie","07/04/2018 15:56:20",5465
"chrome","07/04/2018 15:58:19",826
"chrome","07/04/2018 16:06:07",610
"ie","07/04/2018 16:07:12",5171
"chrome","07/04/2018 16:15:29",714
"ie","07/04/2018 16:16:54",5323
"ie","07/04/2018 16:25:32",6197
"chrome","07/04/2018 16:27:20",639
"chrome","07/04/2018 16:35:04",900
"ie","07/04/2018 16:36:11",4968
"ie","07/04/2018 16:44:26",5487
"chrome","07/04/2018 16:47:35",756
"chrome","07/04/2018 16:55:52",624
"ie","07/04/2018 16:57:01",5769
"ie","07/04/2018 17:05:18",120270
"chrome","07/04/2018 17:12:15",795
"chrome","07/04/2018 17:19:57",795
"ie","07/04/2018 17:21:43",5250
"ie","07/04/2018 17:29:57",5446
"chrome","07/04/2018 17:31:42",1643
"ie","07/04/2018 17:39:31",5221
"chrome","07/04/2018 17:41:15",622
"ie","07/04/2018 17:49:00",5583
"chrome","07/04/2018 17:50:54",669
"chrome","07/04/2018 17:59:20",657
"ie","07/04/2018 18:00:25",5128
"ie","07/04/2018 18:08:41",5093
"chrome","07/04/2018 18:10:23",623
"ie","07/04/2018 18:18:07",5260
"chrome","07/04/2018 18:19:49",608
"chrome","07/04/2018 18:27:51",921
"ie","07/04/2018 18:29:40",4906
"ie","07/04/2018 18:37:52",4924
"chrome","07/04/2018 18:39:36",859
"ie","07/04/2018 18:47:20",4531
"chrome","07/04/2018 18:49:05",782
"chrome","07/04/2018 18:56:47",583
"ie","07/04/2018 18:58:11",5102
"ie","07/04/2018 19:06:57",5461
"chrome","07/04/2018 19:08:38",587
"ie","07/04/2018 19:16:21",5165
"chrome","07/04/2018 19:18:01",654
"chrome","07/04/2018 19:25:48",120542
"ie","07/04/2018 19:31:06",5196
"chrome","07/04/2018 19:39:20",801
"ie","07/04/2018 19:40:31",6185
"ie","07/04/2018 19:48:45",4800
"chrome","07/04/2018 19:50:26",831
"ie","07/04/2018 19:58:09",4505
"chrome","07/04/2018 19:59:49",587
"chrome","07/04/2018 20:08:34",718
"ie","07/04/2018 20:09:53",5222
"ie","07/04/2018 20:18:09",4886
"chrome","07/04/2018 20:19:53",679
"chrome","07/04/2018 20:27:40",614
"ie","07/04/2018 20:28:48",4916
"ie","07/04/2018 20:37:00",6005
"chrome","07/04/2018 20:39:14",671
"ie","07/04/2018 20:47:08",4801
"chrome","07/04/2018 20:48:53",597
"chrome","07/04/2018 20:56:37",670
"ie","07/04/2018 20:57:46",4643
"ie","07/04/2018 21:05:58",5284
"chrome","07/04/2018 21:07:39",788
"ie","07/04/2018 21:15:35",4883
"chrome","07/04/2018 21:17:35",837
"ie","07/04/2018 21:25:19",5212
"chrome","07/04/2018 21:27:00",800
"ie","07/04/2018 21:34:44",5176
"chrome","07/04/2018 21:36:25",684
"chrome","07/04/2018 21:44:10",581
"ie","07/04/2018 21:45:56",5541
"ie","07/04/2018 21:54:31",5801
"chrome","07/04/2018 21:56:13",798
"chrome","07/04/2018 22:03:58",587
"ie","07/04/2018 22:05:07",4649
"ie","07/04/2018 22:13:17",4947
"chrome","07/04/2018 22:14:58",657
"chrome","07/04/2018 22:23:14",714
"ie","07/04/2018 22:24:43",5272
"ie","07/04/2018 22:32:58",5838
"chrome","07/04/2018 22:34:41",648
"ie","07/04/2018 22:42:25",4902
"chrome","07/04/2018 22:44:17",587
"chrome","07/04/2018 22:52:02",594
"ie","07/04/2018 22:53:49",5263
"chrome","07/04/2018 23:02:26",586
"ie","07/04/2018 23:03:37",4946
"chrome","07/04/2018 23:11:50",600
"ie","07/04/2018 23:13:01",5688
"ie","07/04/2018 23:21:25",4881
"chrome","07/04/2018 23:23:07",797
"chrome","07/04/2018 23:31:33",707
"ie","07/04/2018 23:33:00",6138
"chrome","07/04/2018 23:41:16",823
"ie","07/04/2018 23:42:28",5758
"chrome","07/04/2018 23:50:54",604
"ie","07/04/2018 23:51:59",6201
"ie","07/05/2018 00:00:16",6525
"chrome","07/05/2018 00:02:35",714
"chrome","07/05/2018 00:10:31",686
"ie","07/05/2018 00:11:42",5212
"chrome","07/05/2018 00:20:05",814
"ie","07/05/2018 00:21:16",4409
"ie","07/05/2018 00:29:29",5505
"chrome","07/05/2018 00:31:11",807
"chrome","07/05/2018 00:39:38",667
"ie","07/05/2018 00:41:05",4879
"chrome","07/05/2018 00:49:20",791
"ie","07/05/2018 00:50:31",5898
"chrome","07/05/2018 00:58:48",584
"ie","07/05/2018 01:00:07",4959
"ie","07/05/2018 01:08:21",5288
"chrome","07/05/2018 01:10:47",690
"ie","07/05/2018 01:18:48",5309
"chrome","07/05/2018 01:20:33",662
"ie","07/05/2018 01:28:17",4620
"chrome","07/05/2018 01:30:09",721
"chrome","07/05/2018 01:37:55",780
"ie","07/05/2018 01:39:05",4780
"ie","07/05/2018 01:47:59",5858
"chrome","07/05/2018 01:50:02",846
"chrome","07/05/2018 01:57:48",777
"ie","07/05/2018 01:58:58",5725
"ie","07/05/2018 02:07:22",5062
"chrome","07/05/2018 02:09:03",1151
"chrome","07/05/2018 02:16:52",624
"ie","07/05/2018 02:18:22",5314
"chrome","07/05/2018 02:26:36",914
"ie","07/05/2018 02:28:14",5130
"ie","07/05/2018 02:36:28",5360
"chrome","07/05/2018 02:38:10",611
"chrome","07/05/2018 02:45:56",883
"ie","07/05/2018 02:47:02",5384
"chrome","07/05/2018 02:55:20",687
"ie","07/05/2018 02:56:55",5106
"ie","07/05/2018 03:05:21",5234
"chrome","07/05/2018 03:07:17",704
"chrome","07/05/2018 03:15:04",805
"ie","07/05/2018 03:16:16",5510
"chrome","07/05/2018 03:24:34",735
"ie","07/05/2018 03:25:42",5217
"chrome","07/05/2018 03:34:22",759
"ie","07/05/2018 03:36:00",5974
"chrome","07/05/2018 03:44:27",679
"ie","07/05/2018 03:45:37",4438
"ie","07/05/2018 03:53:50",4971
"chrome","07/05/2018 03:55:33",688
"ie","07/05/2018 04:03:21",5390
"chrome","07/05/2018 04:05:28",763
"ie","07/05/2018 04:13:42",4997
"chrome","07/05/2018 04:15:24",617
"chrome","07/05/2018 04:23:13",608
"ie","07/05/2018 04:24:23",5186
"ie","07/05/2018 04:32:39",5192
"chrome","07/05/2018 04:34:27",699
"ie","07/05/2018 04:42:41",4687
"chrome","07/05/2018 04:45:16",608
"ie","07/05/2018 04:53:01",5732
"chrome","07/05/2018 04:54:44",812
"chrome","07/05/2018 05:02:25",910
"ie","07/05/2018 05:03:30",5628
"chrome","07/05/2018 05:11:53",709
"ie","07/05/2018 05:13:30",5943
"chrome","07/05/2018 05:22:13",660
"ie","07/05/2018 05:23:19",4962
"chrome","07/05/2018 05:31:37",689
"ie","07/05/2018 05:32:48",5032
"chrome","07/05/2018 05:41:05",779
"ie","07/05/2018 05:42:28",5852
"ie","07/05/2018 05:51:08",4484
"chrome","07/05/2018 05:53:26",693
"ie","07/05/2018 06:01:11",4588
"chrome","07/05/2018 06:02:58",599
"chrome","07/05/2018 06:10:44",662
"ie","07/05/2018 06:11:49",5049
"ie","07/05/2018 06:20:06",4786
"chrome","07/05/2018 06:22:17",620
"ie","07/05/2018 06:30:30",6215
"chrome","07/05/2018 06:32:16",600
"chrome","07/05/2018 06:40:02",604
"ie","07/05/2018 06:41:14",5033
"chrome","07/05/2018 06:49:31",901
"ie","07/05/2018 06:50:40",5024
"ie","07/05/2018 06:59:17",4842
"chrome","07/05/2018 07:01:08",648
"ie","07/05/2018 07:08:50",4506
"chrome","07/05/2018 07:10:33",877
"ie","07/05/2018 07:18:18",4829
"chrome","07/05/2018 07:20:01",772
"ie","07/05/2018 07:27:48",5212
"chrome","07/05/2018 07:29:54",608
"chrome","07/05/2018 07:37:59",738
"ie","07/05/2018 07:39:09",4814
"ie","07/05/2018 07:47:23",5224
"chrome","07/05/2018 07:49:07",618
"ie","07/05/2018 07:56:46",5095
"chrome","07/05/2018 07:58:35",687
"ie","07/05/2018 08:06:45",4679
"chrome","07/05/2018 08:08:48",615
"ie","07/05/2018 08:16:35",120338
"chrome","07/05/2018 08:20:52",120574
"chrome","07/05/2018 08:31:37",625
"ie","07/05/2018 08:33:12",5499
"ie","07/05/2018 08:41:30",5978
"chrome","07/05/2018 08:43:26",636
"ie","07/05/2018 08:51:14",5689
"chrome","07/05/2018 08:53:00",896
"chrome","07/05/2018 09:00:44",659
"ie","07/05/2018 09:04:33",5216
"chrome","07/05/2018 09:13:30",893
"ie","07/05/2018 09:14:45",5016
"ie","07/05/2018 09:22:59",5373
"chrome","07/05/2018 09:24:40",639
"chrome","07/05/2018 09:32:21",591
"ie","07/05/2018 09:33:26",4826
"chrome","07/05/2018 09:41:44",78972
"ie","07/05/2018 09:46:20",4985
"ie","07/05/2018 09:55:15",5225
"chrome","07/05/2018 09:56:55",834
"ie","07/05/2018 10:04:41",5094
"chrome","07/05/2018 10:06:23",688
"chrome","07/05/2018 10:14:09",54204
"ie","07/05/2018 10:20:19",120311
"ie","07/05/2018 10:31:02",5402
"chrome","07/05/2018 10:33:17",743
"chrome","07/05/2018 10:41:02",886
"ie","07/05/2018 10:42:13",4874
"ie","07/05/2018 10:50:25",4885
"chrome","07/05/2018 10:52:08",900
"chrome","07/05/2018 10:59:55",57220
"ie","07/05/2018 11:02:13",5482
"chrome","07/05/2018 11:11:12",598
"ie","07/05/2018 11:12:16",5116
"ie","07/05/2018 11:20:29",5275
"chrome","07/05/2018 11:22:10",715
"ie","07/05/2018 11:29:56",5522
"chrome","07/05/2018 11:31:36",794
"chrome","07/05/2018 11:39:16",808
"ie","07/05/2018 11:40:59",5392
"ie","07/05/2018 11:49:12",4797
"chrome","07/05/2018 11:50:55",606
"ie","07/05/2018 11:58:42",4811
"chrome","07/05/2018 12:00:24",646
"chrome","07/05/2018 12:08:09",744
"ie","07/05/2018 12:09:11",5170
"ie","07/05/2018 12:17:26",5560
"chrome","07/05/2018 12:19:39",736
"ie","07/05/2018 12:27:23",5010
"chrome","07/05/2018 12:29:14",601
"chrome","07/05/2018 12:37:01",692
"ie","07/05/2018 12:38:05",4767
"ie","07/05/2018 12:46:17",4698
"chrome","07/05/2018 12:48:00",825
"ie","07/05/2018 12:56:27",5064
"chrome","07/05/2018 12:58:07",680
"chrome","07/05/2018 13:06:10",632
"ie","07/05/2018 13:07:15",4774
"ie","07/05/2018 13:18:07",5046
"chrome","07/05/2018 13:19:49",120575
